year,recipient,recipient_iso3,aid
2000,Afghanistan,AFG,1160240.731
2001,Afghanistan,AFG,10788366.174999999
2002,Afghanistan,AFG,8407855.5487
2003,Afghanistan,AFG,2956010.2216999996
2004,Afghanistan,AFG,42040199.923
2005,Afghanistan,AFG,0
2006,Afghanistan,AFG,1839410.993
2007,Afghanistan,AFG,19556249.5485
2008,Afghanistan,AFG,22364544.740000002
2009,Afghanistan,AFG,3104363.4768000003
2010,Afghanistan,AFG,20437593.93
2011,Afghanistan,AFG,4439949.303
2012,Afghanistan,AFG,721421.4609
2013,Afghanistan,AFG,32820949.66
2014,Afghanistan,AFG,0
2000,Angola,AGO,0
2001,Angola,AGO,1364094.335
2002,Angola,AGO,331803106.2298
2003,Angola,AGO,24236231.27
2004,Angola,AGO,111074434.88
2005,Angola,AGO,2181261182.486
2006,Angola,AGO,2269775679.2086
2007,Angola,AGO,3015836272.1698
2008,Angola,AGO,724114837.85
2009,Angola,AGO,0
2010,Angola,AGO,628849044
2011,Angola,AGO,2220318223.607
2012,Angola,AGO,1588553152.4
2013,Angola,AGO,1374935389.66
2014,Angola,AGO,2084256545.0933
2000,Burundi,BDI,0
2001,Burundi,BDI,103949847.6
2002,Burundi,BDI,0
2003,Burundi,BDI,7985806.42
2004,Burundi,BDI,16300881.44
2005,Burundi,BDI,0
2006,Burundi,BDI,23075106.88
2007,Burundi,BDI,85624374.2128
2008,Burundi,BDI,20788769.7362
2009,Burundi,BDI,0
2010,Burundi,BDI,0
2011,Burundi,BDI,34092775.469000004
2012,Burundi,BDI,1637872.766
2013,Burundi,BDI,7625650.229
2014,Burundi,BDI,47593877.0471
2000,Benin,BEN,21443104.73
2001,Benin,BEN,0
2002,Benin,BEN,0
2003,Benin,BEN,0
2004,Benin,BEN,0
2005,Benin,BEN,0
2006,Benin,BEN,10553332.1
2007,Benin,BEN,6418106.892
2008,Benin,BEN,39688633.076000005
2009,Benin,BEN,17244449.67
2010,Benin,BEN,0
2011,Benin,BEN,0
2012,Benin,BEN,0
2013,Benin,BEN,323206234.636
2014,Benin,BEN,840000
2000,Bangladesh,BGD,704566201.13
2001,Bangladesh,BGD,427643574.1
2002,Bangladesh,BGD,43690957.18
2003,Bangladesh,BGD,0
2004,Bangladesh,BGD,1948970.0624000002
2005,Bangladesh,BGD,0
2006,Bangladesh,BGD,397312774.5
2007,Bangladesh,BGD,1651398.4647
2008,Bangladesh,BGD,73963593.24
2009,Bangladesh,BGD,1250279142.875
2010,Bangladesh,BGD,144346590.35
2011,Bangladesh,BGD,104677679.36299999
2012,Bangladesh,BGD,307967504.4
2013,Bangladesh,BGD,675124233.59
2014,Bangladesh,BGD,311000000
2000,Bulgaria,BGR,47801918.127
2001,Bulgaria,BGR,46947580.043
2002,Bulgaria,BGR,0
2003,Bulgaria,BGR,0
2004,Bulgaria,BGR,0
2005,Bulgaria,BGR,1178476.308
2006,Bulgaria,BGR,0
2007,Bulgaria,BGR,0
2008,Bulgaria,BGR,0
2009,Bulgaria,BGR,0
2010,Bulgaria,BGR,0
2011,Bulgaria,BGR,16649.80989
2012,Bulgaria,BGR,10436.93146
2013,Bulgaria,BGR,0
2014,Bulgaria,BGR,0
2000,Barbados,BRB,2204457.389
2001,Barbados,BRB,0
2002,Barbados,BRB,0
2003,Barbados,BRB,0
2004,Barbados,BRB,0
2005,Barbados,BRB,0
2006,Barbados,BRB,0
2007,Barbados,BRB,0
2008,Barbados,BRB,0
2009,Barbados,BRB,0
2010,Barbados,BRB,0
2011,Barbados,BRB,1875878.581
2012,Barbados,BRB,0
2013,Barbados,BRB,0
2014,Barbados,BRB,32555.08188
2000,Botswana,BWA,0
2001,Botswana,BWA,0
2002,Botswana,BWA,0
2003,Botswana,BWA,53238709.47
2004,Botswana,BWA,103129759.08
2005,Botswana,BWA,0
2006,Botswana,BWA,17554126.1492
2007,Botswana,BWA,2139368.964
2008,Botswana,BWA,222181.9612
2009,Botswana,BWA,1125585133.600876
2010,Botswana,BWA,51062542.37
2011,Botswana,BWA,267908.39127900003
2012,Botswana,BWA,0
2013,Botswana,BWA,0
2014,Botswana,BWA,19496.25393
2000,Central African Republic,CAF,0
2001,Central African Republic,CAF,0
2002,Central African Republic,CAF,0
2003,Central African Republic,CAF,55621693.798599996
2004,Central African Republic,CAF,8243176.455
2005,Central African Republic,CAF,132539308
2006,Central African Republic,CAF,10484642.66
2007,Central African Republic,CAF,25542752.6491
2008,Central African Republic,CAF,0
2009,Central African Republic,CAF,0
2010,Central African Republic,CAF,0
2011,Central African Republic,CAF,43518203.39
2012,Central African Republic,CAF,0
2013,Central African Republic,CAF,0
2014,Central African Republic,CAF,0
2000,Cameroon,CMR,0
2001,Cameroon,CMR,55758701.62
2002,Cameroon,CMR,13204581.5611
2003,Cameroon,CMR,1103162.6557999998
2004,Cameroon,CMR,0
2005,Cameroon,CMR,0
2006,Cameroon,CMR,114043481.6
2007,Cameroon,CMR,781654768.334
2008,Cameroon,CMR,0
2009,Cameroon,CMR,1393345103.3918
2010,Cameroon,CMR,178351983.62066
2011,Cameroon,CMR,1315036034.3253
2012,Cameroon,CMR,722785918.9
2013,Cameroon,CMR,441684583.6947
2014,Cameroon,CMR,467208808
2000,Congo - Kinshasa,COD,1401389.783
2001,Congo - Kinshasa,COD,30213518.63
2002,Congo - Kinshasa,COD,0
2003,Congo - Kinshasa,COD,1597218.405
2004,Congo - Kinshasa,COD,14938949.3
2005,Congo - Kinshasa,COD,3240809.847
2006,Congo - Kinshasa,COD,17836763.682
2007,Congo - Kinshasa,COD,0
2008,Congo - Kinshasa,COD,100802312.52950001
2009,Congo - Kinshasa,COD,794622.2436
2010,Congo - Kinshasa,COD,125434936.32088
2011,Congo - Kinshasa,COD,408184727.475
2012,Congo - Kinshasa,COD,0
2013,Congo - Kinshasa,COD,0
2014,Congo - Kinshasa,COD,5000000
2000,Congo - Brazzaville,COG,104927804.06
2001,Congo - Brazzaville,COG,179816175.791
2002,Congo - Brazzaville,COG,0
2003,Congo - Brazzaville,COG,5686405.442
2004,Congo - Brazzaville,COG,515198528.46000004
2005,Congo - Brazzaville,COG,11372296.37
2006,Congo - Brazzaville,COG,587837168.981
2007,Congo - Brazzaville,COG,390607654.139
2008,Congo - Brazzaville,COG,7082319.9938
2009,Congo - Brazzaville,COG,17242067.3698
2010,Congo - Brazzaville,COG,9522686.5459
2011,Congo - Brazzaville,COG,9517266.4181
2012,Congo - Brazzaville,COG,720791135.462
2013,Congo - Brazzaville,COG,229393801.01299998
2014,Congo - Brazzaville,COG,916129.6275
2000,Cape Verde,CPV,0
2001,Cape Verde,CPV,0
2002,Cape Verde,CPV,0
2003,Cape Verde,CPV,0
2004,Cape Verde,CPV,0
2005,Cape Verde,CPV,40599012.685
2006,Cape Verde,CPV,12708429.745000001
2007,Cape Verde,CPV,0
2008,Cape Verde,CPV,0
2009,Cape Verde,CPV,0
2010,Cape Verde,CPV,0
2011,Cape Verde,CPV,0
2012,Cape Verde,CPV,66719232.39
2013,Cape Verde,CPV,0
2014,Cape Verde,CPV,0
2000,Eritrea,ERI,23204814.62
2001,Eritrea,ERI,13640943.354
2002,Eritrea,ERI,5424422.935
2003,Eritrea,ERI,4406587.504
2004,Eritrea,ERI,3734765.682
2005,Eritrea,ERI,42130528.01
2006,Eritrea,ERI,236364312.55
2007,Eritrea,ERI,204633197.95378
2008,Eritrea,ERI,0
2009,Eritrea,ERI,0
2010,Eritrea,ERI,7546188.528
2011,Eritrea,ERI,0
2012,Eritrea,ERI,0
2013,Eritrea,ERI,0
2014,Eritrea,ERI,0
2000,Ethiopia,ETH,520156.69703
2001,Ethiopia,ETH,313878106.56589997
2002,Ethiopia,ETH,4549483.78
2003,Ethiopia,ETH,36222149.28
2004,Ethiopia,ETH,0
2005,Ethiopia,ETH,114062757.71214001
2006,Ethiopia,ETH,1332852404.392
2007,Ethiopia,ETH,246529356.1831
2008,Ethiopia,ETH,14048708.486200001
2009,Ethiopia,ETH,2821285773.901299
2010,Ethiopia,ETH,1255100952.3279998
2011,Ethiopia,ETH,3580909086.641255
2012,Ethiopia,ETH,1567264195.97
2013,Ethiopia,ETH,3258414434.315051
2014,Ethiopia,ETH,288067824.02082
2000,Fiji,FJI,17403.61097
2001,Fiji,FJI,272818.8671
2002,Fiji,FJI,0
2003,Fiji,FJI,0
2004,Fiji,FJI,7196919.86341
2005,Fiji,FJI,0
2006,Fiji,FJI,1243144.397
2007,Fiji,FJI,244129783.8
2008,Fiji,FJI,103285850.53369999
2009,Fiji,FJI,165325381.75800002
2010,Fiji,FJI,5573034.466
2011,Fiji,FJI,208169289.911
2012,Fiji,FJI,262534884.27400002
2013,Fiji,FJI,16287114.528490001
2014,Fiji,FJI,24466311.41
2000,Gabon,GAB,6033251.802
2001,Gabon,GAB,0
2002,Gabon,GAB,16384108.94
2003,Gabon,GAB,0
2004,Gabon,GAB,10303970.57
2005,Gabon,GAB,0
2006,Gabon,GAB,0
2007,Gabon,GAB,0
2008,Gabon,GAB,207501625.62
2009,Gabon,GAB,0
2010,Gabon,GAB,138221019.9
2011,Gabon,GAB,142078377.7
2012,Gabon,GAB,0
2013,Gabon,GAB,237069730.89999998
2014,Gabon,GAB,0
2000,Georgia,GEO,840906.0679
2001,Georgia,GEO,0
2002,Georgia,GEO,1773338.1229
2003,Georgia,GEO,1330967.737
2004,Georgia,GEO,2489843.788
2005,Georgia,GEO,9900607.349
2006,Georgia,GEO,4598527.482
2007,Georgia,GEO,0
2008,Georgia,GEO,3998847.971
2009,Georgia,GEO,0
2010,Georgia,GEO,0
2011,Georgia,GEO,0
2012,Georgia,GEO,0
2013,Georgia,GEO,0
2014,Georgia,GEO,0
2000,Ghana,GHA,68500612.77
2001,Ghana,GHA,67678271.179
2002,Ghana,GHA,139000837.68
2003,Ghana,GHA,215077436.09899998
2004,Ghana,GHA,63094371.17584
2005,Ghana,GHA,147429385.4171
2006,Ghana,GHA,605534098.874
2007,Ghana,GHA,1217777952.9666
2008,Ghana,GHA,78860039.8184
2009,Ghana,GHA,542591984.0255
2010,Ghana,GHA,1232607011.1643999
2011,Ghana,GHA,31839591.798
2012,Ghana,GHA,263377354.8014
2013,Ghana,GHA,450421740.20000005
2014,Ghana,GHA,1646877.0471
2000,Guinea,GIN,15940384.16
2001,Guinea,GIN,0
2002,Guinea,GIN,0
2003,Guinea,GIN,0
2004,Guinea,GIN,4121588.227
2005,Guinea,GIN,88385723.09
2006,Guinea,GIN,25261646.21664
2007,Guinea,GIN,87886722.18900001
2008,Guinea,GIN,13789130.93
2009,Guinea,GIN,0
2010,Guinea,GIN,0
2011,Guinea,GIN,372361111.5105
2012,Guinea,GIN,0
2013,Guinea,GIN,0
2014,Guinea,GIN,12046037.6924
2000,Guinea-Bissau,GNB,13922888.77
2001,Guinea-Bissau,GNB,13186245.24
2002,Guinea-Bissau,GNB,0
2003,Guinea-Bissau,GNB,39659287.53
2004,Guinea-Bissau,GNB,0
2005,Guinea-Bissau,GNB,2198903.3819999998
2006,Guinea-Bissau,GNB,1471528.794
2007,Guinea-Bissau,GNB,74866467.04900001
2008,Guinea-Bissau,GNB,137891.3093
2009,Guinea-Bissau,GNB,1994935.218
2010,Guinea-Bissau,GNB,1300374.709
2011,Guinea-Bissau,GNB,0
2012,Guinea-Bissau,GNB,0
2013,Guinea-Bissau,GNB,1626805.382
2014,Guinea-Bissau,GNB,0
2000,Iraq,IRQ,0
2001,Iraq,IRQ,0
2002,Iraq,IRQ,0
2003,Iraq,IRQ,0
2004,Iraq,IRQ,0
2005,Iraq,IRQ,0
2006,Iraq,IRQ,0
2007,Iraq,IRQ,0
2008,Iraq,IRQ,0
2009,Iraq,IRQ,0
2010,Iraq,IRQ,8552346.998
2011,Iraq,IRQ,0
2012,Iraq,IRQ,0
2013,Iraq,IRQ,0
2014,Iraq,IRQ,0
2000,Jamaica,JAM,28030202.26
2001,Jamaica,JAM,0
2002,Jamaica,JAM,0
2003,Jamaica,JAM,6059057.818
2004,Jamaica,JAM,0
2005,Jamaica,JAM,58923815.39
2006,Jamaica,JAM,0
2007,Jamaica,JAM,189119205.85000002
2008,Jamaica,JAM,0
2009,Jamaica,JAM,61069445.44
2010,Jamaica,JAM,500689608.80999994
2011,Jamaica,JAM,8761075.979
2012,Jamaica,JAM,313474488.7
2013,Jamaica,JAM,555371810.1041499
2014,Jamaica,JAM,0
2000,Kenya,KEN,250611997.9
2001,Kenya,KEN,74445645.28999999
2002,Kenya,KEN,9184209.7074
2003,Kenya,KEN,6994528.60042
2004,Kenya,KEN,130143.566
2005,Kenya,KEN,185705988.305
2006,Kenya,KEN,220532250.386
2007,Kenya,KEN,192971080.51000002
2008,Kenya,KEN,202572083.90515
2009,Kenya,KEN,47038508.665
2010,Kenya,KEN,220454894.9217
2011,Kenya,KEN,390422170.6457
2012,Kenya,KEN,478562452.78903
2013,Kenya,KEN,179283007.6343
2014,Kenya,KEN,3243042747.39285
2000,Cambodia,KHM,55062807.428840004
2001,Cambodia,KHM,21636619.06055
2002,Cambodia,KHM,478220849.4484
2003,Cambodia,KHM,66232793.28504
2004,Cambodia,KHM,62847103.1532
2005,Cambodia,KHM,134188421.95820001
2006,Cambodia,KHM,1163524251.9311001
2007,Cambodia,KHM,417584922.825
2008,Cambodia,KHM,85948168.43218
2009,Cambodia,KHM,494806652.026
2010,Cambodia,KHM,2335705483.99438
2011,Cambodia,KHM,484166818.103135
2012,Cambodia,KHM,444257726.8381
2013,Cambodia,KHM,2306533925.48231
2014,Cambodia,KHM,164521374.355
2000,Lebanon,LBN,1392288.877
2001,Lebanon,LBN,0
2002,Lebanon,LBN,0
2003,Lebanon,LBN,13616355.3873
2004,Lebanon,LBN,0
2005,Lebanon,LBN,0
2006,Lebanon,LBN,4598527.482
2007,Lebanon,LBN,0
2008,Lebanon,LBN,0
2009,Lebanon,LBN,0
2010,Lebanon,LBN,0
2011,Lebanon,LBN,0
2012,Lebanon,LBN,0
2013,Lebanon,LBN,0
2014,Lebanon,LBN,0
2000,St. Lucia,LCA,47269066.83
2001,St. Lucia,LCA,0
2002,St. Lucia,LCA,0
2003,St. Lucia,LCA,0
2004,St. Lucia,LCA,0
2005,St. Lucia,LCA,0
2006,St. Lucia,LCA,0
2007,St. Lucia,LCA,0
2008,St. Lucia,LCA,0
2009,St. Lucia,LCA,0
2010,St. Lucia,LCA,0
2011,St. Lucia,LCA,0
2012,St. Lucia,LCA,0
2013,St. Lucia,LCA,0
2014,St. Lucia,LCA,0
2000,Morocco,MAR,0
2001,Morocco,MAR,0
2002,Morocco,MAR,2946683.4599
2003,Morocco,MAR,0
2004,Morocco,MAR,32424691.484
2005,Morocco,MAR,0
2006,Morocco,MAR,4600836.614
2007,Morocco,MAR,0
2008,Morocco,MAR,0
2009,Morocco,MAR,1852786.569
2010,Morocco,MAR,0
2011,Morocco,MAR,275276856.8
2012,Morocco,MAR,0
2013,Morocco,MAR,308186093.76600003
2014,Morocco,MAR,400000000
2000,Moldova,MDA,0
2001,Moldova,MDA,2728188.671
2002,Moldova,MDA,0
2003,Moldova,MDA,3525270.0029999996
2004,Moldova,MDA,0
2005,Moldova,MDA,2356952.616
2006,Moldova,MDA,0
2007,Moldova,MDA,3255063.785
2008,Moldova,MDA,0
2009,Moldova,MDA,4125580.3145
2010,Moldova,MDA,3715356.31
2011,Moldova,MDA,0
2012,Moldova,MDA,66083811.13
2013,Moldova,MDA,0
2014,Moldova,MDA,0
2000,Myanmar (Burma),MMR,321260251.85940003
2001,Myanmar (Burma),MMR,0
2002,Myanmar (Burma),MMR,162732688
2003,Myanmar (Burma),MMR,455325835.03202
2004,Myanmar (Burma),MMR,422865150.988
2005,Myanmar (Burma),MMR,3091751.8983
2006,Myanmar (Burma),MMR,417845468.70030004
2007,Myanmar (Burma),MMR,0
2008,Myanmar (Burma),MMR,8021664.602200001
2009,Myanmar (Burma),MMR,11139639.49666
2010,Myanmar (Burma),MMR,0
2011,Myanmar (Burma),MMR,554993.6629
2012,Myanmar (Burma),MMR,11768638.34835
2013,Myanmar (Burma),MMR,203196674.07902
2014,Myanmar (Burma),MMR,121908.3846
2000,Mongolia,MNG,0
2001,Mongolia,MNG,12360303.31
2002,Mongolia,MNG,26919062.251000002
2003,Mongolia,MNG,1330967.737
2004,Mongolia,MNG,0
2005,Mongolia,MNG,0
2006,Mongolia,MNG,1384153.924
2007,Mongolia,MNG,11114371.876
2008,Mongolia,MNG,31750906.46
2009,Mongolia,MNG,0
2010,Mongolia,MNG,1983447.9638
2011,Mongolia,MNG,555148270.1231999
2012,Mongolia,MNG,211807087
2013,Mongolia,MNG,0
2014,Mongolia,MNG,459000000
2000,Mozambique,MOZ,464096.2925
2001,Mozambique,MOZ,50357815.8838
2002,Mozambique,MOZ,271221.1467
2003,Mozambique,MOZ,11897786.26
2004,Mozambique,MOZ,40185485.212
2005,Mozambique,MOZ,93057449.79900001
2006,Mozambique,MOZ,128795557.71986
2007,Mozambique,MOZ,434762068.07
2008,Mozambique,MOZ,28957174.96
2009,Mozambique,MOZ,77015356.196
2010,Mozambique,MOZ,134924090.10271
2011,Mozambique,MOZ,792086955.7299999
2012,Mozambique,MOZ,344927841.07699996
2013,Mozambique,MOZ,474925496.314
2014,Mozambique,MOZ,253000000
2000,Mauritius,MUS,79560703.06
2001,Mauritius,MUS,5493468.14
2002,Mauritius,MUS,32768217.877
2003,Mauritius,MUS,41411756.787
2004,Mauritius,MUS,5049683.4124300005
2005,Mauritius,MUS,10712771.334076
2006,Mauritius,MUS,218649327.58061
2007,Mauritius,MUS,102689710.3
2008,Mauritius,MUS,0
2009,Mauritius,MUS,1426609774.72164
2010,Mauritius,MUS,11034049.203613
2011,Mauritius,MUS,0
2012,Mauritius,MUS,0
2013,Mauritius,MUS,27502678.1727
2014,Mauritius,MUS,0
2000,Namibia,NAM,4012459.129
2001,Namibia,NAM,0
2002,Namibia,NAM,11793253
2003,Namibia,NAM,17541579.12255
2004,Namibia,NAM,9570706.874
2005,Namibia,NAM,137615277.050799
2006,Namibia,NAM,4613846.414
2007,Namibia,NAM,94585753.9462
2008,Namibia,NAM,3968863.308
2009,Namibia,NAM,23977580.277906
2010,Namibia,NAM,0
2011,Namibia,NAM,83679383.74509999
2012,Namibia,NAM,136793913.45499998
2013,Namibia,NAM,24694693.14052
2014,Namibia,NAM,78516282.85900001
2000,Nicaragua,NIC,9434344.308
2001,Nicaragua,NIC,0
2002,Nicaragua,NIC,0
2003,Nicaragua,NIC,0
2004,Nicaragua,NIC,0
2005,Nicaragua,NIC,0
2006,Nicaragua,NIC,0
2007,Nicaragua,NIC,48825956.77
2008,Nicaragua,NIC,0
2009,Nicaragua,NIC,0
2010,Nicaragua,NIC,0
2011,Nicaragua,NIC,0
2012,Nicaragua,NIC,0
2013,Nicaragua,NIC,0
2014,Nicaragua,NIC,0
2000,Nepal,NPL,16972653.47
2001,Nepal,NPL,140001548.62
2002,Nepal,NPL,0
2003,Nepal,NPL,0
2004,Nepal,NPL,0
2005,Nepal,NPL,5617403.734
2006,Nepal,NPL,4613846.414
2007,Nepal,NPL,13055868.75046
2008,Nepal,NPL,5543230.635869999
2009,Nepal,NPL,290743687.4527
2010,Nepal,NPL,13307085.279
2011,Nepal,NPL,345280109.02213
2012,Nepal,NPL,43755050.466199994
2013,Nepal,NPL,132947093.633
2014,Nepal,NPL,215980000
2000,Pakistan,PAK,47257981.8674
2001,Pakistan,PAK,1912879092.635
2002,Pakistan,PAK,42557310.13
2003,Pakistan,PAK,1014669116.0774
2004,Pakistan,PAK,103039.7057
2005,Pakistan,PAK,181569098.66
2006,Pakistan,PAK,975578874.2086
2007,Pakistan,PAK,652044255.0366
2008,Pakistan,PAK,1444789751.1881301
2009,Pakistan,PAK,1158454363.66477
2010,Pakistan,PAK,2581720392.9180403
2011,Pakistan,PAK,1837977502.39555
2012,Pakistan,PAK,0
2013,Pakistan,PAK,500242655.01
2014,Pakistan,PAK,11974926363.7
2000,Philippines,PHL,9594738.235
2001,Philippines,PHL,79572169.56
2002,Philippines,PHL,759660836.53
2003,Philippines,PHL,11240036.4797
2004,Philippines,PHL,103039.7057
2005,Philippines,PHL,0
2006,Philippines,PHL,93798272.07159999
2007,Philippines,PHL,244129783.82
2008,Philippines,PHL,0
2009,Philippines,PHL,0
2010,Philippines,PHL,282356001.076
2011,Philippines,PHL,0
2012,Philippines,PHL,0
2013,Philippines,PHL,1641047.483
2014,Philippines,PHL,0
2000,Papua New Guinea,PNG,26007834.846
2001,Papua New Guinea,PNG,572360.44976
2002,Papua New Guinea,PNG,3569172.9368800004
2003,Papua New Guinea,PNG,68013.33459
2004,Papua New Guinea,PNG,16135065.69609
2005,Papua New Guinea,PNG,33458561.3271
2006,Papua New Guinea,PNG,461296.964558
2007,Papua New Guinea,PNG,982327.7612
2008,Papua New Guinea,PNG,1363997.4565
2009,Papua New Guinea,PNG,108026420.609
2010,Papua New Guinea,PNG,150844544.686091
2011,Papua New Guinea,PNG,10093475.34904
2012,Papua New Guinea,PNG,11842927.498
2013,Papua New Guinea,PNG,11487332.38
2014,Papua New Guinea,PNG,71504.457855
2000,North Korea,PRK,112120809.1
2001,North Korea,PRK,0
2002,North Korea,PRK,0
2003,North Korea,PRK,0
2004,North Korea,PRK,2489843.788
2005,North Korea,PRK,62320396.87
2006,North Korea,PRK,0
2007,North Korea,PRK,40688297.31
2008,North Korea,PRK,0
2009,North Korea,PRK,0
2010,North Korea,PRK,0
2011,North Korea,PRK,0
2012,North Korea,PRK,19062637.83
2013,North Korea,PRK,0
2014,North Korea,PRK,0
2000,Palestinian Territories,PSE,840906.0679
2001,Palestinian Territories,PSE,2273490.559
2002,Palestinian Territories,PSE,5650440.557
2003,Palestinian Territories,PSE,0
2004,Palestinian Territories,PSE,0
2005,Palestinian Territories,PSE,25733581.97
2006,Palestinian Territories,PSE,0
2007,Palestinian Territories,PSE,0
2008,Palestinian Territories,PSE,2068369.6397000002
2009,Palestinian Territories,PSE,14928086.66
2010,Palestinian Territories,PSE,0
2011,Palestinian Territories,PSE,6104930.292
2012,Palestinian Territories,PSE,0
2013,Palestinian Territories,PSE,0
2014,Palestinian Territories,PSE,0
2000,Romania,ROU,1160240.731
2001,Romania,ROU,1373367.035
2002,Romania,ROU,680774314.9951841
2003,Romania,ROU,220353234.40816
2004,Romania,ROU,267903234.8
2005,Romania,ROU,1198469.171
2006,Romania,ROU,0
2007,Romania,ROU,0
2008,Romania,ROU,0
2009,Romania,ROU,0
2010,Romania,ROU,0
2011,Romania,ROU,0
2012,Romania,ROU,0
2013,Romania,ROU,0
2014,Romania,ROU,0
2000,Rwanda,RWA,0
2001,Rwanda,RWA,53677565.796
2002,Rwanda,RWA,0
2003,Rwanda,RWA,8195939.085
2004,Rwanda,RWA,0
2005,Rwanda,RWA,3051822.5803
2006,Rwanda,RWA,22376434.732965
2007,Rwanda,RWA,263599367.1672
2008,Rwanda,RWA,308254432.188
2009,Rwanda,RWA,94996.91513
2010,Rwanda,RWA,6827952.975000001
2011,Rwanda,RWA,17178580.35
2012,Rwanda,RWA,148625707.468
2013,Rwanda,RWA,31151794.45799
2014,Rwanda,RWA,35289825.471
2000,Sudan,SDN,61144383.08987
2001,Sudan,SDN,112380911.82000001
2002,Sudan,SDN,424290497.07699996
2003,Sudan,SDN,1964346544.19
2004,Sudan,SDN,651004860.524
2005,Sudan,SDN,920037156.812
2006,Sudan,SDN,436959740.815
2007,Sudan,SDN,1293663526.314
2008,Sudan,SDN,893169947.891
2009,Sudan,SDN,857588248.661
2010,Sudan,SDN,302332045.276
2011,Sudan,SDN,11099873.26
2012,Sudan,SDN,1608685843.93
2013,Sudan,SDN,64124.73492
2014,Sudan,SDN,700000000
2000,Singapore,SGP,0
2001,Singapore,SGP,0
2002,Singapore,SGP,0
2003,Singapore,SGP,0
2004,Singapore,SGP,0
2005,Singapore,SGP,0
2006,Singapore,SGP,0
2007,Singapore,SGP,0
2008,Singapore,SGP,0
2009,Singapore,SGP,0
2010,Singapore,SGP,0
2011,Singapore,SGP,0
2012,Singapore,SGP,0
2013,Singapore,SGP,0
2014,Singapore,SGP,0
2000,Sierra Leone,SLE,580120.3656
2001,Sierra Leone,SLE,0
2002,Sierra Leone,SLE,0
2003,Sierra Leone,SLE,550823.438
2004,Sierra Leone,SLE,0
2005,Sierra Leone,SLE,0
2006,Sierra Leone,SLE,55182329.79
2007,Sierra Leone,SLE,35805701.63
2008,Sierra Leone,SLE,22889957.35
2009,Sierra Leone,SLE,40712963.63
2010,Sierra Leone,SLE,0
2011,Sierra Leone,SLE,399944223.02000004
2012,Sierra Leone,SLE,26643658.3028
2013,Sierra Leone,SLE,30505651.180092003
2014,Sierra Leone,SLE,57918283.5974
2000,Tajikistan,TJK,2803020.226
2001,Tajikistan,TJK,0
2002,Tajikistan,TJK,0
2003,Tajikistan,TJK,5948893.13
2004,Tajikistan,TJK,1536152.552331
2005,Tajikistan,TJK,0
2006,Tajikistan,TJK,1194890578.11
2007,Tajikistan,TJK,162753189.269
2008,Tajikistan,TJK,0
2009,Tajikistan,TJK,46617646.17
2010,Tajikistan,TJK,46409059.44
2011,Tajikistan,TJK,29414664.13
2012,Tajikistan,TJK,51892736.3
2013,Tajikistan,TJK,163595616.21
2014,Tajikistan,TJK,425894000
2000,Turkmenistan,TKM,28030202.26
2001,Turkmenistan,TKM,0
2002,Turkmenistan,TKM,0
2003,Turkmenistan,TKM,70091715.75999999
2004,Turkmenistan,TKM,0
2005,Turkmenistan,TKM,47139052.32
2006,Turkmenistan,TKM,551823297.9
2007,Turkmenistan,TKM,0
2008,Turkmenistan,TKM,0
2009,Turkmenistan,TKM,5428395150
2010,Turkmenistan,TKM,0
2011,Turkmenistan,TKM,4550948036
2012,Turkmenistan,TKM,0
2013,Turkmenistan,TKM,0
2014,Turkmenistan,TKM,0
2000,Timor-Leste,TLS,0
2001,Timor-Leste,TLS,0
2002,Timor-Leste,TLS,0
2003,Timor-Leste,TLS,0
2004,Timor-Leste,TLS,0
2005,Timor-Leste,TLS,0
2006,Timor-Leste,TLS,12875876.95
2007,Timor-Leste,TLS,748779.1374
2008,Timor-Leste,TLS,788678.1294
2009,Timor-Leste,TLS,0
2010,Timor-Leste,TLS,7546188.528
2011,Timor-Leste,TLS,0
2012,Timor-Leste,TLS,0
2013,Timor-Leste,TLS,0
2014,Timor-Leste,TLS,0
2000,Tunisia,TUN,0
2001,Tunisia,TUN,0
2002,Tunisia,TUN,0
2003,Tunisia,TUN,0
2004,Tunisia,TUN,0
2005,Tunisia,TUN,0
2006,Tunisia,TUN,6920769.621
2007,Tunisia,TUN,0
2008,Tunisia,TUN,0
2009,Tunisia,TUN,3973111.218
2010,Tunisia,TUN,0
2011,Tunisia,TUN,2219974.652
2012,Tunisia,TUN,31888845.965
2013,Tunisia,TUN,0
2014,Tunisia,TUN,0
2000,Tanzania,TZA,124914860.73924999
2001,Tanzania,TZA,85937943.13
2002,Tanzania,TZA,5257304.5411
2003,Tanzania,TZA,440658.7504
2004,Tanzania,TZA,47511608.29
2005,Tanzania,TZA,531338.72045
2006,Tanzania,TZA,39810190.644
2007,Tanzania,TZA,7320416.856
2008,Tanzania,TZA,144647983.5
2009,Tanzania,TZA,44212430.1433
2010,Tanzania,TZA,219687189.490255
2011,Tanzania,TZA,182541347.13700002
2012,Tanzania,TZA,1851660436.59266
2013,Tanzania,TZA,695537952.0454581
2014,Tanzania,TZA,151982400.18717
2000,Uganda,UGA,8383694.254199999
2001,Uganda,UGA,302873645.61847
2002,Uganda,UGA,11534664.7064
2003,Uganda,UGA,11752985.36352
2004,Uganda,UGA,19477300.873999998
2005,Uganda,UGA,0
2006,Uganda,UGA,46043320.179299995
2007,Uganda,UGA,85498281.8838
2008,Uganda,UGA,31250101.834
2009,Uganda,UGA,154840828.5269
2010,Uganda,UGA,4872323.12735
2011,Uganda,UGA,499494296.6
2012,Uganda,UGA,19684288.38103
2013,Uganda,UGA,8337377.584
2014,Uganda,UGA,484927754.094
2000,Ukraine,UKR,1401510.113
2001,Ukraine,UKR,824020.2209
2002,Ukraine,UKR,0
2003,Ukraine,UKR,0
2004,Ukraine,UKR,0
2005,Ukraine,UKR,0
2006,Ukraine,UKR,7298414.938999999
2007,Ukraine,UKR,0
2008,Ukraine,UKR,0
2009,Ukraine,UKR,510923133.0862
2010,Ukraine,UKR,0
2011,Ukraine,UKR,13742864.28
2012,Ukraine,UKR,3177106304
2013,Ukraine,UKR,0
2014,Ukraine,UKR,52000000
2000,Uzbekistan,UZB,0
2001,Uzbekistan,UZB,63856930.7767
2002,Uzbekistan,UZB,0
2003,Uzbekistan,UZB,71166388.18
2004,Uzbekistan,UZB,62246094.69
2005,Uzbekistan,UZB,0
2006,Uzbekistan,UZB,362363965.6
2007,Uzbekistan,UZB,362239773.3
2008,Uzbekistan,UZB,0
2009,Uzbekistan,UZB,100112585.023
2010,Uzbekistan,UZB,141042179.8766
2011,Uzbekistan,UZB,148926999.5
2012,Uzbekistan,UZB,333618403.708
2013,Uzbekistan,UZB,1185127720
2014,Uzbekistan,UZB,189500000
2000,Vietnam,VNM,124377804.06
2001,Vietnam,VNM,0
2002,Vietnam,VNM,198706436.74699998
2003,Vietnam,VNM,270173229.15
2004,Vietnam,VNM,721121657.18715
2005,Vietnam,VNM,900562528.8860531
2006,Vietnam,VNM,807924909.3299999
2007,Vietnam,VNM,0
2008,Vietnam,VNM,0
2009,Vietnam,VNM,242242133.6
2010,Vietnam,VNM,377328084.79358596
2011,Vietnam,VNM,380731202.736629
2012,Vietnam,VNM,10590.35435
2013,Vietnam,VNM,305026009.2
2014,Vietnam,VNM,0
2000,Vanuatu,VUT,11602407.31
2001,Vanuatu,VUT,682047.1677
2002,Vanuatu,VUT,0
2003,Vanuatu,VUT,0
2004,Vanuatu,VUT,31674405.53
2005,Vanuatu,VUT,561740.3734
2006,Vanuatu,VUT,7666022.847
2007,Vanuatu,VUT,15917261.91
2008,Vanuatu,VUT,56048004.442999996
2009,Vanuatu,VUT,45116121.074
2010,Vanuatu,VUT,0
2011,Vanuatu,VUT,0
2012,Vanuatu,VUT,52951.77174
2013,Vanuatu,VUT,121133591.774428
2014,Vanuatu,VUT,59000000
2000,Yemen,YEM,162433702.4
2001,Yemen,YEM,0
2002,Yemen,YEM,189854802.7
2003,Yemen,YEM,8813175.007
2004,Yemen,YEM,0
2005,Yemen,YEM,0
2006,Yemen,YEM,0
2007,Yemen,YEM,64434968.327
2008,Yemen,YEM,93119614.528
2009,Yemen,YEM,177958959.70450002
2010,Yemen,YEM,10061584.7
2011,Yemen,YEM,0
2012,Yemen,YEM,0
2013,Yemen,YEM,5083766.819
2014,Yemen,YEM,16000000
2000,South Africa,ZAF,60521258.53
2001,South Africa,ZAF,0
2002,South Africa,ZAF,0
2003,South Africa,ZAF,0
2004,South Africa,ZAF,0
2005,South Africa,ZAF,0
2006,South Africa,ZAF,16837562.533999998
2007,South Africa,ZAF,6466569.726
2008,South Africa,ZAF,0
2009,South Africa,ZAF,1357098788
2010,South Africa,ZAF,0
2011,South Africa,ZAF,721491761.8
2012,South Africa,ZAF,0
2013,South Africa,ZAF,2236857401
2014,South Africa,ZAF,0
2000,Zambia,ZMB,5849457.5326
2001,Zambia,ZMB,142022860.467
2002,Zambia,ZMB,24446849.917
2003,Zambia,ZMB,30978310.1451
2004,Zambia,ZMB,44513152.852000006
2005,Zambia,ZMB,17605917.5995
2006,Zambia,ZMB,428644037.0656
2007,Zambia,ZMB,616670206.464
2008,Zambia,ZMB,0
2009,Zambia,ZMB,111824940.1
2010,Zambia,ZMB,1395444914.666
2011,Zambia,ZMB,390560861.3356
2012,Zambia,ZMB,256180671.699
2013,Zambia,ZMB,314641689.625484
2014,Zambia,ZMB,401003834.504241
2000,Zimbabwe,ZWE,7007611.256
2001,Zimbabwe,ZWE,1392392.8607
2002,Zimbabwe,ZWE,15679892.711259998
2003,Zimbabwe,ZWE,158460886.63804
2004,Zimbabwe,ZWE,1741911922.6665
2005,Zimbabwe,ZWE,11784763.08
2006,Zimbabwe,ZWE,1296999328.9563
2007,Zimbabwe,ZWE,125319955.71000001
2008,Zimbabwe,ZWE,14058897.5507
2009,Zimbabwe,ZWE,281136584.81878
2010,Zimbabwe,ZWE,280427975.415
2011,Zimbabwe,ZWE,379994935.93702
2012,Zimbabwe,ZWE,1108548646.9711401
2013,Zimbabwe,ZWE,39708331.19257
2014,Zimbabwe,ZWE,626530000
2000,Albania,ALB,0
2001,Albania,ALB,286459810.4
2002,Albania,ALB,0
2003,Albania,ALB,0
2004,Albania,ALB,2472952.936
2005,Albania,ALB,27104.95508
2006,Albania,ALB,0
2007,Albania,ALB,2001864.228
2008,Albania,ALB,0
2009,Albania,ALB,1986555.609
2010,Albania,ALB,25153.96176
2011,Albania,ALB,0
2012,Albania,ALB,83886.21638
2013,Albania,ALB,0
2014,Albania,ALB,0
2000,Bosnia & Herzegovina,BIH,0
2001,Bosnia & Herzegovina,BIH,3578474.14
2002,Bosnia & Herzegovina,BIH,0
2003,Bosnia & Herzegovina,BIH,4979443.879
2004,Bosnia & Herzegovina,BIH,0
2005,Bosnia & Herzegovina,BIH,0
2006,Bosnia & Herzegovina,BIH,0
2007,Bosnia & Herzegovina,BIH,0
2008,Bosnia & Herzegovina,BIH,0
2009,Bosnia & Herzegovina,BIH,0
2010,Bosnia & Herzegovina,BIH,0
2011,Bosnia & Herzegovina,BIH,540060786.5
2012,Bosnia & Herzegovina,BIH,0
2013,Bosnia & Herzegovina,BIH,0
2014,Bosnia & Herzegovina,BIH,886258139
2000,Belarus,BLR,0
2001,Belarus,BLR,2728188.671
2002,Belarus,BLR,2730684.823
2003,Belarus,BLR,4050010.5370000005
2004,Belarus,BLR,0
2005,Belarus,BLR,0
2006,Belarus,BLR,344337737.9
2007,Belarus,BLR,89085535.289
2008,Belarus,BLR,265385613.97000003
2009,Belarus,BLR,530883054.03
2010,Belarus,BLR,1456523805.58
2011,Belarus,BLR,389605551.34999996
2012,Belarus,BLR,1008837155.2
2013,Belarus,BLR,3507216619.34
2014,Belarus,BLR,52700000
2000,Côte d’Ivoire,CIV,0
2001,Côte d’Ivoire,CIV,2746734.07
2002,Côte d’Ivoire,CIV,81920544.7
2003,Côte d’Ivoire,CIV,0
2004,Côte d’Ivoire,CIV,0
2005,Côte d’Ivoire,CIV,0
2006,Côte d’Ivoire,CIV,7618024.7907
2007,Côte d’Ivoire,CIV,120157011.7894
2008,Côte d’Ivoire,CIV,80492106.36873
2009,Côte d’Ivoire,CIV,19865556.09
2010,Côte d’Ivoire,CIV,0
2011,Côte d’Ivoire,CIV,201418611.2034
2012,Côte d’Ivoire,CIV,2722290815.1
2013,Côte d’Ivoire,CIV,889659193.4
2014,Côte d’Ivoire,CIV,301480000
2000,Comoros,COM,0
2001,Comoros,COM,5493468.14
2002,Comoros,COM,90797.66595
2003,Comoros,COM,0
2004,Comoros,COM,19001216.766
2005,Comoros,COM,0
2006,Comoros,COM,55182329.79
2007,Comoros,COM,5869232.6155
2008,Comoros,COM,0
2009,Comoros,COM,0
2010,Comoros,COM,12344719.235
2011,Comoros,COM,0
2012,Comoros,COM,243578.15
2013,Comoros,COM,820523.7415
2014,Comoros,COM,0
2000,Djibouti,DJI,0
2001,Djibouti,DJI,60337467.197
2002,Djibouti,DJI,0
2003,Djibouti,DJI,1493833.164
2004,Djibouti,DJI,2122617.9366
2005,Djibouti,DJI,2396938.341
2006,Djibouti,DJI,0
2007,Djibouti,DJI,106968.4482
2008,Djibouti,DJI,3413900.221
2009,Djibouti,DJI,11128210.06
2010,Djibouti,DJI,0
2011,Djibouti,DJI,0
2012,Djibouti,DJI,78368622.17999999
2013,Djibouti,DJI,569381883.77
2014,Djibouti,DJI,16000000
2000,Equatorial Guinea,GNQ,0
2001,Equatorial Guinea,GNQ,25872322.56
2002,Equatorial Guinea,GNQ,14126101.39
2003,Equatorial Guinea,GNQ,13043499.01
2004,Equatorial Guinea,GNQ,0
2005,Equatorial Guinea,GNQ,0
2006,Equatorial Guinea,GNQ,114963187.08199999
2007,Equatorial Guinea,GNQ,122278828.79640001
2008,Equatorial Guinea,GNQ,413872371.1654
2009,Equatorial Guinea,GNQ,348774388.4
2010,Equatorial Guinea,GNQ,884347523.6155
2011,Equatorial Guinea,GNQ,0
2012,Equatorial Guinea,GNQ,0
2013,Equatorial Guinea,GNQ,18872046.05
2014,Equatorial Guinea,GNQ,0
2000,Indonesia,IDN,0
2001,Indonesia,IDN,12958896.19
2002,Indonesia,IDN,226017.6223
2003,Indonesia,IDN,912312610.46306
2004,Indonesia,IDN,706440222.184367
2005,Indonesia,IDN,535563476.4858064
2006,Indonesia,IDN,5985745.193
2007,Indonesia,IDN,12730110.545
2008,Indonesia,IDN,1730082084.5502
2009,Indonesia,IDN,2340995408.5938
2010,Indonesia,IDN,1857678.155
2011,Indonesia,IDN,319414117.8
2012,Indonesia,IDN,336773268.3
2013,Indonesia,IDN,945580628.4000001
2014,Indonesia,IDN,1477175178.35
2000,India,IND,0
2001,India,IND,113674.5279
2002,India,IND,0
2003,India,IND,0
2004,India,IND,0
2005,India,IND,0
2006,India,IND,0
2007,India,IND,0
2008,India,IND,1034184820
2009,India,IND,132995681.2
2010,India,IND,4401943308
2011,India,IND,0
2012,India,IND,0
2013,India,IND,0
2014,India,IND,0
2000,Iran,IRN,0
2001,Iran,IRN,1373367.035
2002,Iran,IRN,0
2003,Iran,IRN,3983911.7240000004
2004,Iran,IRN,41215.88227
2005,Iran,IRN,0
2006,Iran,IRN,0
2007,Iran,IRN,0
2008,Iran,IRN,0
2009,Iran,IRN,0
2010,Iran,IRN,0
2011,Iran,IRN,0
2012,Iran,IRN,0
2013,Iran,IRN,0
2014,Iran,IRN,2142674992
2000,Jordan,JOR,0
2001,Jordan,JOR,1818792.4468
2002,Jordan,JOR,0
2003,Jordan,JOR,21467523.564
2004,Jordan,JOR,51973227.548269995
2005,Jordan,JOR,0
2006,Jordan,JOR,0
2007,Jordan,JOR,16926331.68
2008,Jordan,JOR,3585174.043
2009,Jordan,JOR,20356481.81
2010,Jordan,JOR,6288490.44
2011,Jordan,JOR,3107964.512
2012,Jordan,JOR,15885531.52
2013,Jordan,JOR,203350.6728
2014,Jordan,JOR,0
2000,Kyrgyzstan,KGZ,0
2001,Kyrgyzstan,KGZ,16480404.42
2002,Kyrgyzstan,KGZ,1747638.2873
2003,Kyrgyzstan,KGZ,16401794.70246
2004,Kyrgyzstan,KGZ,16802222.8581
2005,Kyrgyzstan,KGZ,335865.7477
2006,Kyrgyzstan,KGZ,162565577.537
2007,Kyrgyzstan,KGZ,0
2008,Kyrgyzstan,KGZ,148164211.878
2009,Kyrgyzstan,KGZ,271419757.5
2010,Kyrgyzstan,KGZ,1486142.524
2011,Kyrgyzstan,KGZ,337880142.029
2012,Kyrgyzstan,KGZ,702125393.2398
2013,Kyrgyzstan,KGZ,1102058971.2
2014,Kyrgyzstan,KGZ,0
2000,Laos,LAO,0
2001,Laos,LAO,313741697.17
2002,Laos,LAO,0
2003,Laos,LAO,0
2004,Laos,LAO,96832051.885
2005,Laos,LAO,170170.0147
2006,Laos,LAO,82773494.68
2007,Laos,LAO,268101914.68882
2008,Laos,LAO,1241021.784
2009,Laos,LAO,645571598.11973
2010,Laos,LAO,212834180.60999998
2011,Laos,LAO,1708515687.81867
2012,Laos,LAO,8503603043.8933
2013,Laos,LAO,93782861.79
2014,Laos,LAO,88500000
2000,Sri Lanka,LKA,0
2001,Sri Lanka,LKA,175137239.42999998
2002,Sri Lanka,LKA,5906667.974
2003,Sri Lanka,LKA,15211718.377
2004,Sri Lanka,LKA,37347656.82
2005,Sri Lanka,LKA,663960113.019
2006,Sri Lanka,LKA,1158828925.5
2007,Sri Lanka,LKA,0
2008,Sri Lanka,LKA,53354096.4181
2009,Sri Lanka,LKA,4033249440.56
2010,Sri Lanka,LKA,959204134.4988
2011,Sri Lanka,LKA,1086845448.525
2012,Sri Lanka,LKA,2192359468.522
2013,Sri Lanka,LKA,1020679456.1383
2014,Sri Lanka,LKA,1278030000
2000,Lesotho,LSO,0
2001,Lesotho,LSO,11883485.452
2002,Lesotho,LSO,5146146.764
2003,Lesotho,LSO,14402313.259004
2004,Lesotho,LSO,0
2005,Lesotho,LSO,29763114.3681
2006,Lesotho,LSO,60615092.508
2007,Lesotho,LSO,16901014.818
2008,Lesotho,LSO,1378913.093
2009,Lesotho,LSO,8007.735265
2010,Lesotho,LSO,628849.044
2011,Lesotho,LSO,32560666.31
2012,Lesotho,LSO,18648571.624700002
2013,Lesotho,LSO,0
2014,Lesotho,LSO,0
2000,Madagascar,MDG,0
2001,Madagascar,MDG,68204716.77
2002,Madagascar,MDG,9040704.891
2003,Madagascar,MDG,7985806.42
2004,Madagascar,MDG,9644516.452
2005,Madagascar,MDG,27497780.52
2006,Madagascar,MDG,0
2007,Madagascar,MDG,68356339.48
2008,Madagascar,MDG,193777766.6
2009,Madagascar,MDG,40712963.63
2010,Madagascar,MDG,0
2011,Madagascar,MDG,1420783.777
2012,Madagascar,MDG,0
2013,Madagascar,MDG,0
2014,Madagascar,MDG,0
2000,North Macedonia,MKD,0
2001,North Macedonia,MKD,2273490.559
2002,North Macedonia,MKD,196635331.4
2003,North Macedonia,MKD,0
2004,North Macedonia,MKD,5151985.284
2005,North Macedonia,MKD,0
2006,North Macedonia,MKD,0
2007,North Macedonia,MKD,0
2008,North Macedonia,MKD,0
2009,North Macedonia,MKD,0
2010,North Macedonia,MKD,811673.1146
2011,North Macedonia,MKD,3440960.71
2012,North Macedonia,MKD,0
2013,North Macedonia,MKD,589716951.1
2014,North Macedonia,MKD,10613869.928
2000,Mali,MLI,0
2001,Mali,MLI,114754068
2002,Mali,MLI,0
2003,Mali,MLI,0
2004,Mali,MLI,0
2005,Mali,MLI,0
2006,Mali,MLI,0
2007,Mali,MLI,113683483.19164
2008,Mali,MLI,523986.9755
2009,Mali,MLI,44753260.7548
2010,Mali,MLI,190453730.9
2011,Mali,MLI,84648990.7146
2012,Mali,MLI,131852973.0088
2013,Mali,MLI,473841080.94
2014,Mali,MLI,81259573.1248
2000,Niger,NER,0
2001,Niger,NER,27281886.71
2002,Niger,NER,11361786.9912
2003,Niger,NER,69210.32231
2004,Niger,NER,124492.1894
2005,Niger,NER,558553.3097
2006,Niger,NER,74614555.1631
2007,Niger,NER,9100799.74
2008,Niger,NER,297664.7481
2009,Niger,NER,125293086.9668
2010,Niger,NER,4096263.7718
2011,Niger,NER,51751377.008
2012,Niger,NER,29427373.466
2013,Niger,NER,1193892359.9535
2014,Niger,NER,0
2000,Nigeria,NGA,0
2001,Nigeria,NGA,0
2002,Nigeria,NGA,724160461.83
2003,Nigeria,NGA,13527188.923
2004,Nigeria,NGA,210716198.15600002
2005,Nigeria,NGA,987296774.5
2006,Nigeria,NGA,972424486.85
2007,Nigeria,NGA,651945228.58524
2008,Nigeria,NGA,706279286.44
2009,Nigeria,NGA,16963734.84
2010,Nigeria,NGA,0
2011,Nigeria,NGA,0
2012,Nigeria,NGA,1861360680.2
2013,Nigeria,NGA,1093022792.81104
2014,Nigeria,NGA,1627754.094
2000,Suriname,SUR,0
2001,Suriname,SUR,0
2002,Suriname,SUR,0
2003,Suriname,SUR,11787621.5731
2004,Suriname,SUR,89335424.83
2005,Suriname,SUR,0
2006,Suriname,SUR,919705.4965
2007,Suriname,SUR,5208102.055
2008,Suriname,SUR,193737289.6
2009,Suriname,SUR,0
2010,Suriname,SUR,0
2011,Suriname,SUR,0
2012,Suriname,SUR,52951771.74
2013,Suriname,SUR,50837668.19
2014,Suriname,SUR,0
2000,Togo,TGO,0
2001,Togo,TGO,0
2002,Togo,TGO,0
2003,Togo,TGO,0
2004,Togo,TGO,31343851.673499998
2005,Togo,TGO,196412.718
2006,Togo,TGO,34489242.4331
2007,Togo,TGO,2149556.60031
2008,Togo,TGO,20305577.121799998
2009,Togo,TGO,301490089.975
2010,Togo,TGO,46283289.641
2011,Togo,TGO,343571.607
2012,Togo,TGO,17010046.98
2013,Togo,TGO,0
2014,Togo,TGO,1669488.8708000001
2000,Tonga,TON,0
2001,Tonga,TON,9548660.348
2002,Tonga,TON,9011259.917
2003,Tonga,TON,0
2004,Tonga,TON,0
2005,Tonga,TON,0
2006,Tonga,TON,113671819.082
2007,Tonga,TON,62255636.85
2008,Tonga,TON,104435869.69500001
2009,Tonga,TON,169062.12869
2010,Tonga,TON,0
2011,Tonga,TON,7724703.3405
2012,Tonga,TON,200380.11418
2013,Tonga,TON,22490584.411
2014,Tonga,TON,10473631.140999999
2000,Algeria,DZA,0
2001,Algeria,DZA,0
2002,Algeria,DZA,6780528.668
2003,Algeria,DZA,0
2004,Algeria,DZA,0
2005,Algeria,DZA,0
2006,Algeria,DZA,0
2007,Algeria,DZA,0
2008,Algeria,DZA,0
2009,Algeria,DZA,0
2010,Algeria,DZA,55730344.66
2011,Algeria,DZA,0
2012,Algeria,DZA,0
2013,Algeria,DZA,0
2014,Algeria,DZA,0
2000,Egypt,EGY,0
2001,Egypt,EGY,0
2002,Egypt,EGY,9040704.891
2003,Egypt,EGY,0
2004,Egypt,EGY,7469531.363
2005,Egypt,EGY,32015273.03
2006,Egypt,EGY,18394109.93
2007,Egypt,EGY,1069684.482
2008,Egypt,EGY,4964087.136
2009,Egypt,EGY,298664872.8079
2010,Egypt,EGY,0
2011,Egypt,EGY,10307148.21
2012,Egypt,EGY,423614174
2013,Egypt,EGY,0
2014,Egypt,EGY,24416311.41
2000,Micronesia (Federated States of),FSM,0
2001,Micronesia (Federated States of),FSM,0
2002,Micronesia (Federated States of),FSM,0
2003,Micronesia (Federated States of),FSM,0
2004,Micronesia (Federated States of),FSM,0
2005,Micronesia (Federated States of),FSM,491031.7949
2006,Micronesia (Federated States of),FSM,6975951.95079
2007,Micronesia (Federated States of),FSM,0
2008,Micronesia (Federated States of),FSM,9527808.19551
2009,Micronesia (Federated States of),FSM,17400741.70496
2010,Micronesia (Federated States of),FSM,0
2011,Micronesia (Federated States of),FSM,0
2012,Micronesia (Federated States of),FSM,0
2013,Micronesia (Federated States of),FSM,0
2014,Micronesia (Federated States of),FSM,0
2000,Guyana,GUY,0
2001,Guyana,GUY,0
2002,Guyana,GUY,18081409.78
2003,Guyana,GUY,55082343.8
2004,Guyana,GUY,0
2005,Guyana,GUY,70708578.47299999
2006,Guyana,GUY,0
2007,Guyana,GUY,0
2008,Guyana,GUY,53722454.12
2009,Guyana,GUY,139058.89263
2010,Guyana,GUY,47201409.24164
2011,Guyana,GUY,0
2012,Guyana,GUY,156204052.303
2013,Guyana,GUY,0
2014,Guyana,GUY,0
2000,Kazakhstan,KAZ,0
2001,Kazakhstan,KAZ,0
2002,Kazakhstan,KAZ,389023378.7823
2003,Kazakhstan,KAZ,0
2004,Kazakhstan,KAZ,0
2005,Kazakhstan,KAZ,0
2006,Kazakhstan,KAZ,369035660.203
2007,Kazakhstan,KAZ,477185840.72940004
2008,Kazakhstan,KAZ,275782618.7
2009,Kazakhstan,KAZ,0
2010,Kazakhstan,KAZ,291785956.4
2011,Kazakhstan,KAZ,3751757161.3
2012,Kazakhstan,KAZ,2712634582.8
2013,Kazakhstan,KAZ,0
2014,Kazakhstan,KAZ,0
2000,Libya,LBY,0
2001,Libya,LBY,0
2002,Libya,LBY,0
2003,Libya,LBY,0
2004,Libya,LBY,0
2005,Libya,LBY,0
2006,Libya,LBY,0
2007,Libya,LBY,0
2008,Libya,LBY,0
2009,Libya,LBY,407129636.3
2010,Libya,LBY,0
2011,Libya,LBY,3435716.07
2012,Libya,LBY,0
2013,Libya,LBY,0
2014,Libya,LBY,0
2000,Nauru,NRU,0
2001,Nauru,NRU,0
2002,Nauru,NRU,309644142.6
2003,Nauru,NRU,0
2004,Nauru,NRU,0
2005,Nauru,NRU,0
2006,Nauru,NRU,0
2007,Nauru,NRU,0
2008,Nauru,NRU,0
2009,Nauru,NRU,0
2010,Nauru,NRU,0
2011,Nauru,NRU,0
2012,Nauru,NRU,0
2013,Nauru,NRU,0
2014,Nauru,NRU,0
2000,Peru,PER,0
2001,Peru,PER,0
2002,Peru,PER,2712211.467
2003,Peru,PER,5287905.004
2004,Peru,PER,2060794.114
2005,Peru,PER,0
2006,Peru,PER,2207293.192
2007,Peru,PER,5109296.5297
2008,Peru,PER,171524.65032
2009,Peru,PER,701620.0732
2010,Peru,PER,0
2011,Peru,PER,199797718.67000002
2012,Peru,PER,3355448.655
2013,Peru,PER,0
2014,Peru,PER,50084535.49447
2000,Thailand,THA,0
2001,Thailand,THA,0
2002,Thailand,THA,0
2003,Thailand,THA,0
2004,Thailand,THA,204939.8693
2005,Thailand,THA,1777535.098
2006,Thailand,THA,3605309.295
2007,Thailand,THA,0
2008,Thailand,THA,0
2009,Thailand,THA,158327.9156
2010,Thailand,THA,3102322.5190000003
2011,Thailand,THA,6263561.431
2012,Thailand,THA,85177.77496
2013,Thailand,THA,0
2014,Thailand,THA,0
2000,Turkey,TUR,0
2001,Turkey,TUR,0
2002,Turkey,TUR,11300.88111
2003,Turkey,TUR,66098.81255
2004,Turkey,TUR,0
2005,Turkey,TUR,0
2006,Turkey,TUR,0
2007,Turkey,TUR,1171822962
2008,Turkey,TUR,0
2009,Turkey,TUR,0
2010,Turkey,TUR,0
2011,Turkey,TUR,1109987.326
2012,Turkey,TUR,635421260.9
2013,Turkey,TUR,0
2014,Turkey,TUR,0
2000,Armenia,ARM,0
2001,Armenia,ARM,0
2002,Armenia,ARM,0
2003,Armenia,ARM,1432140.939
2004,Armenia,ARM,0
2005,Armenia,ARM,2396938.341
2006,Armenia,ARM,1730192.405
2007,Armenia,ARM,0
2008,Armenia,ARM,0
2009,Armenia,ARM,2979833.414
2010,Armenia,ARM,0
2011,Armenia,ARM,0
2012,Armenia,ARM,11744070.29
2013,Armenia,ARM,0
2014,Armenia,ARM,9766524.565
2000,Bolivia,BOL,0
2001,Bolivia,BOL,0
2002,Bolivia,BOL,0
2003,Bolivia,BOL,66098.81255
2004,Bolivia,BOL,0
2005,Bolivia,BOL,58923815.39
2006,Bolivia,BOL,2207293.192
2007,Bolivia,BOL,59902330.99
2008,Bolivia,BOL,82734785.6
2009,Bolivia,BOL,478287065.20629996
2010,Bolivia,BOL,821432805.91
2011,Bolivia,BOL,141088160.42999998
2012,Bolivia,BOL,241777789.807
2013,Bolivia,BOL,17703769.998
2014,Bolivia,BOL,846250000
2000,Ecuador,ECU,0
2001,Ecuador,ECU,0
2002,Ecuador,ECU,0
2003,Ecuador,ECU,5508234.38
2004,Ecuador,ECU,0
2005,Ecuador,ECU,0
2006,Ecuador,ECU,0
2007,Ecuador,ECU,0
2008,Ecuador,ECU,0
2009,Ecuador,ECU,1660681786.269
2010,Ecuador,ECU,1979559052.51
2011,Ecuador,ECU,2711144043.68
2012,Ecuador,ECU,254168504.3
2013,Ecuador,ECU,1423454709
2014,Ecuador,ECU,1918000000
2000,Liberia,LBR,0
2001,Liberia,LBR,0
2002,Liberia,LBR,0
2003,Liberia,LBR,0
2004,Liberia,LBR,4533747.050000001
2005,Liberia,LBR,21857655.858400002
2006,Liberia,LBR,117869456.42898999
2007,Liberia,LBR,18956420.498400003
2008,Liberia,LBR,11307087.365
2009,Liberia,LBR,410882.10968
2010,Liberia,LBR,70861045.8338684
2011,Liberia,LBR,39364913.8115
2012,Liberia,LBR,66943621.881400004
2013,Liberia,LBR,1677643.05039
2014,Liberia,LBR,8805371.9798
2000,Russia,RUS,0
2001,Russia,RUS,0
2002,Russia,RUS,0
2003,Russia,RUS,11897786.26
2004,Russia,RUS,2695923.1994000003
2005,Russia,RUS,612807680.06
2006,Russia,RUS,0
2007,Russia,RUS,0
2008,Russia,RUS,25509892.23
2009,Russia,RUS,35465062615.3
2010,Russia,RUS,0
2011,Russia,RUS,0
2012,Russia,RUS,0
2013,Russia,RUS,0
2014,Russia,RUS,504603769.2
2000,Azerbaijan,AZE,0
2001,Azerbaijan,AZE,0
2002,Azerbaijan,AZE,0
2003,Azerbaijan,AZE,0
2004,Azerbaijan,AZE,1236476.468
2005,Azerbaijan,AZE,3595407.512
2006,Azerbaijan,AZE,0
2007,Azerbaijan,AZE,0
2008,Azerbaijan,AZE,0
2009,Azerbaijan,AZE,0
2010,Azerbaijan,AZE,3647324.455
2011,Azerbaijan,AZE,0
2012,Azerbaijan,AZE,0
2013,Azerbaijan,AZE,4923142.449
2014,Azerbaijan,AZE,0
2000,Brunei,BRN,0
2001,Brunei,BRN,0
2002,Brunei,BRN,0
2003,Brunei,BRN,0
2004,Brunei,BRN,0
2005,Brunei,BRN,0
2006,Brunei,BRN,0
2007,Brunei,BRN,0
2008,Brunei,BRN,0
2009,Brunei,BRN,0
2010,Brunei,BRN,0
2011,Brunei,BRN,0
2012,Brunei,BRN,0
2013,Brunei,BRN,0
2014,Brunei,BRN,0
2000,Cook Islands,COK,0
2001,Cook Islands,COK,0
2002,Cook Islands,COK,0
2003,Cook Islands,COK,0
2004,Cook Islands,COK,12020423.765
2005,Cook Islands,COK,0
2006,Cook Islands,COK,9085268.017
2007,Cook Islands,COK,15624306.168
2008,Cook Islands,COK,0
2009,Cook Islands,COK,0
2010,Cook Islands,COK,0
2011,Cook Islands,COK,0
2012,Cook Islands,COK,0
2013,Cook Islands,COK,0
2014,Cook Islands,COK,0
2000,Dominica,DMA,0
2001,Dominica,DMA,0
2002,Dominica,DMA,0
2003,Dominica,DMA,0
2004,Dominica,DMA,10097891.158
2005,Dominica,DMA,29658320.413999997
2006,Dominica,DMA,0
2007,Dominica,DMA,162753.1892
2008,Dominica,DMA,0
2009,Dominica,DMA,54283951.510000005
2010,Dominica,DMA,46534829.25
2011,Dominica,DMA,0
2012,Dominica,DMA,11744070.29
2013,Dominica,DMA,78086658.344
2014,Dominica,DMA,0
2000,Haiti,HTI,0
2001,Haiti,HTI,0
2002,Haiti,HTI,0
2003,Haiti,HTI,0
2004,Haiti,HTI,0
2005,Haiti,HTI,0
2006,Haiti,HTI,0
2007,Haiti,HTI,0
2008,Haiti,HTI,0
2009,Haiti,HTI,0
2010,Haiti,HTI,11232675.8616
2011,Haiti,HTI,0
2012,Haiti,HTI,0
2013,Haiti,HTI,0
2014,Haiti,HTI,0
2000,Malaysia,MYS,0
2001,Malaysia,MYS,0
2002,Malaysia,MYS,0
2003,Malaysia,MYS,0
2004,Malaysia,MYS,40944.72515
2005,Malaysia,MYS,392825.436
2006,Malaysia,MYS,0
2007,Malaysia,MYS,1302025514
2008,Malaysia,MYS,0
2009,Malaysia,MYS,0
2010,Malaysia,MYS,0
2011,Malaysia,MYS,0
2012,Malaysia,MYS,0
2013,Malaysia,MYS,0
2014,Malaysia,MYS,25665.62777
2000,Somalia,SOM,0
2001,Somalia,SOM,0
2002,Somalia,SOM,0
2003,Somalia,SOM,0
2004,Somalia,SOM,284165.55103000003
2005,Somalia,SOM,5893363.603
2006,Somalia,SOM,0
2007,Somalia,SOM,1028600.156
2008,Somalia,SOM,0
2009,Somalia,SOM,877204.9547
2010,Somalia,SOM,5573034.466
2011,Somalia,SOM,17759797.21
2012,Somalia,SOM,0
2013,Somalia,SOM,0
2014,Somalia,SOM,40000
2000,Syria,SYR,0
2001,Syria,SYR,0
2002,Syria,SYR,0
2003,Syria,SYR,0
2004,Syria,SYR,0
2005,Syria,SYR,0
2006,Syria,SYR,0
2007,Syria,SYR,0
2008,Syria,SYR,0
2009,Syria,SYR,0
2010,Syria,SYR,0
2011,Syria,SYR,0
2012,Syria,SYR,2118070.87
2013,Syria,SYR,0
2014,Syria,SYR,3255508.188
2000,Venezuela,VEN,0
2001,Venezuela,VEN,0
2002,Venezuela,VEN,0
2003,Venezuela,VEN,0
2004,Venezuela,VEN,0
2005,Venezuela,VEN,0
2006,Venezuela,VEN,0
2007,Venezuela,VEN,0
2008,Venezuela,VEN,802527420.4
2009,Venezuela,VEN,407129636.3
2010,Venezuela,VEN,0
2011,Venezuela,VEN,4439949303
2012,Venezuela,VEN,731793485.4
2013,Venezuela,VEN,4710618335.12
2014,Venezuela,VEN,127000000
2000,Samoa,WSM,0
2001,Samoa,WSM,0
2002,Samoa,WSM,0
2003,Samoa,WSM,0
2004,Samoa,WSM,206079.4114
2005,Samoa,WSM,0
2006,Samoa,WSM,140714940.96
2007,Samoa,WSM,40688297.302
2008,Samoa,WSM,56535436.83
2009,Samoa,WSM,10653225.48243
2010,Samoa,WSM,0
2011,Samoa,WSM,22743640.31
2012,Samoa,WSM,11834720.98
2013,Samoa,WSM,2199907.717
2014,Samoa,WSM,36300000
2000,Brazil,BRA,0
2001,Brazil,BRA,0
2002,Brazil,BRA,0
2003,Brazil,BRA,0
2004,Brazil,BRA,0
2005,Brazil,BRA,197394781.6
2006,Brazil,BRA,0
2007,Brazil,BRA,940379313.5
2008,Brazil,BRA,1034184820
2009,Brazil,BRA,407129636.3
2010,Brazil,BRA,5948911956
2011,Brazil,BRA,110998.7326
2012,Brazil,BRA,0
2013,Brazil,BRA,0
2014,Brazil,BRA,0
2000,Colombia,COL,0
2001,Colombia,COL,0
2002,Colombia,COL,0
2003,Colombia,COL,0
2004,Colombia,COL,0
2005,Colombia,COL,0
2006,Colombia,COL,1139.728673
2007,Colombia,COL,0
2008,Colombia,COL,103832155.928
2009,Colombia,COL,5634355.3428
2010,Colombia,COL,251539.6176
2011,Colombia,COL,48047.77318
2012,Colombia,COL,0
2013,Colombia,COL,1476.610818
2014,Colombia,COL,0
2000,Grenada,GRD,0
2001,Grenada,GRD,0
2002,Grenada,GRD,0
2003,Grenada,GRD,0
2004,Grenada,GRD,0
2005,Grenada,GRD,82493341.55
2006,Grenada,GRD,0
2007,Grenada,GRD,0
2008,Grenada,GRD,0
2009,Grenada,GRD,0
2010,Grenada,GRD,0
2011,Grenada,GRD,0
2012,Grenada,GRD,0
2013,Grenada,GRD,27132251.806
2014,Grenada,GRD,0
2000,Maldives,MDV,0
2001,Maldives,MDV,0
2002,Maldives,MDV,0
2003,Maldives,MDV,0
2004,Maldives,MDV,0
2005,Maldives,MDV,1797703.756
2006,Maldives,MDV,6072858.5043
2007,Maldives,MDV,14496634.89
2008,Maldives,MDV,8218535.1597
2009,Maldives,MDV,0
2010,Maldives,MDV,89354319.26
2011,Maldives,MDV,0
2012,Maldives,MDV,164836415.2
2013,Maldives,MDV,3938513.959
2014,Maldives,MDV,57503250.892114
2000,Mauritania,MRT,0
2001,Mauritania,MRT,0
2002,Mauritania,MRT,0
2003,Mauritania,MRT,0
2004,Mauritania,MRT,0
2005,Mauritania,MRT,280870186.76
2006,Mauritania,MRT,4598527.482
2007,Mauritania,MRT,99279445.43
2008,Mauritania,MRT,396886330.8
2009,Mauritania,MRT,12515300.332700001
2010,Mauritania,MRT,0
2011,Mauritania,MRT,18896438.385
2012,Mauritania,MRT,12845881.66
2013,Mauritania,MRT,264355874.60000002
2014,Mauritania,MRT,23201006.11
2000,Senegal,SEN,0
2001,Senegal,SEN,0
2002,Senegal,SEN,0
2003,Senegal,SEN,0
2004,Senegal,SEN,0
2005,Senegal,SEN,280642536.44
2006,Senegal,SEN,41777607.9378
2007,Senegal,SEN,184946224.67000002
2008,Senegal,SEN,0
2009,Senegal,SEN,31213272.11
2010,Senegal,SEN,0
2011,Senegal,SEN,82595065.81
2012,Senegal,SEN,53176232.18
2013,Senegal,SEN,0
2014,Senegal,SEN,30000
2000,Seychelles,SYC,0
2001,Seychelles,SYC,0
2002,Seychelles,SYC,0
2003,Seychelles,SYC,0
2004,Seychelles,SYC,0
2005,Seychelles,SYC,98206.35899
2006,Seychelles,SYC,0
2007,Seychelles,SYC,24917137.074
2008,Seychelles,SYC,4826195.827
2009,Seychelles,SYC,0
2010,Seychelles,SYC,0
2011,Seychelles,SYC,64531022.245
2012,Seychelles,SYC,0
2013,Seychelles,SYC,0
2014,Seychelles,SYC,0
2000,Argentina,ARG,0
2001,Argentina,ARG,0
2002,Argentina,ARG,0
2003,Argentina,ARG,0
2004,Argentina,ARG,0
2005,Argentina,ARG,0
2006,Argentina,ARG,209692853.2
2007,Argentina,ARG,0
2008,Argentina,ARG,0
2009,Argentina,ARG,0
2010,Argentina,ARG,0
2011,Argentina,ARG,1664980989
2012,Argentina,ARG,276408248.5
2013,Argentina,ARG,86392059.04
2014,Argentina,ARG,2400000000
2000,Mexico,MEX,0
2001,Mexico,MEX,0
2002,Mexico,MEX,0
2003,Mexico,MEX,0
2004,Mexico,MEX,0
2005,Mexico,MEX,0
2006,Mexico,MEX,0
2007,Mexico,MEX,0
2008,Mexico,MEX,0
2009,Mexico,MEX,6785493.938
2010,Mexico,MEX,0
2011,Mexico,MEX,416245247.2
2012,Mexico,MEX,0
2013,Mexico,MEX,0
2014,Mexico,MEX,0
2000,New Zealand,NZL,0
2001,New Zealand,NZL,0
2002,New Zealand,NZL,0
2003,New Zealand,NZL,0
2004,New Zealand,NZL,0
2005,New Zealand,NZL,0
2006,New Zealand,NZL,166996.2567
2007,New Zealand,NZL,0
2008,New Zealand,NZL,0
2009,New Zealand,NZL,0
2010,New Zealand,NZL,540982.2811
2011,New Zealand,NZL,5312526.5199
2012,New Zealand,NZL,0
2013,New Zealand,NZL,1175671.51586
2014,New Zealand,NZL,0
2000,Serbia,SRB,0
2001,Serbia,SRB,0
2002,Serbia,SRB,0
2003,Serbia,SRB,0
2004,Serbia,SRB,0
2005,Serbia,SRB,0
2006,Serbia,SRB,2307510.688
2007,Serbia,SRB,0
2008,Serbia,SRB,1984431.654
2009,Serbia,SRB,294151162.2
2010,Serbia,SRB,38063825.4
2011,Serbia,SRB,332996197.7
2012,Serbia,SRB,664060153.5796
2013,Serbia,SRB,0
2014,Serbia,SRB,608000000
2000,Uruguay,URY,0
2001,Uruguay,URY,0
2002,Uruguay,URY,0
2003,Uruguay,URY,0
2004,Uruguay,URY,0
2005,Uruguay,URY,0
2006,Uruguay,URY,52683692.09265
2007,Uruguay,URY,81376.59462
2008,Uruguay,URY,0
2009,Uruguay,URY,3392746.969
2010,Uruguay,URY,14463528.012
2011,Uruguay,URY,6881921.42
2012,Uruguay,URY,0
2013,Uruguay,URY,0
2014,Uruguay,URY,31000000
2000,Antigua & Barbuda,ATG,0
2001,Antigua & Barbuda,ATG,0
2002,Antigua & Barbuda,ATG,0
2003,Antigua & Barbuda,ATG,0
2004,Antigua & Barbuda,ATG,0
2005,Antigua & Barbuda,ATG,0
2006,Antigua & Barbuda,ATG,0
2007,Antigua & Barbuda,ATG,89514254.08
2008,Antigua & Barbuda,ATG,0
2009,Antigua & Barbuda,ATG,0
2010,Antigua & Barbuda,ATG,1304279.499
2011,Antigua & Barbuda,ATG,49949429.66
2012,Antigua & Barbuda,ATG,1073743.57
2013,Antigua & Barbuda,ATG,4923142.449
2014,Antigua & Barbuda,ATG,0
2000,Costa Rica,CRI,0
2001,Costa Rica,CRI,0
2002,Costa Rica,CRI,0
2003,Costa Rica,CRI,0
2004,Costa Rica,CRI,0
2005,Costa Rica,CRI,0
2006,Costa Rica,CRI,0
2007,Costa Rica,CRI,45570892.99
2008,Costa Rica,CRI,2068369.64
2009,Costa Rica,CRI,142631082.5788
2010,Costa Rica,CRI,0
2011,Costa Rica,CRI,0
2012,Costa Rica,CRI,10166740.17
2013,Costa Rica,CRI,804251910.8
2014,Costa Rica,CRI,0
2000,Chad,TCD,0
2001,Chad,TCD,0
2002,Chad,TCD,0
2003,Chad,TCD,0
2004,Chad,TCD,0
2005,Chad,TCD,0
2006,Chad,TCD,0
2007,Chad,TCD,337890425.712
2008,Chad,TCD,0
2009,Chad,TCD,0
2010,Chad,TCD,0
2011,Chad,TCD,776991128.1
2012,Chad,TCD,11649389.78
2013,Chad,TCD,4473714.8014
2014,Chad,TCD,0
2000,Trinidad & Tobago,TTO,0
2001,Trinidad & Tobago,TTO,0
2002,Trinidad & Tobago,TTO,0
2003,Trinidad & Tobago,TTO,0
2004,Trinidad & Tobago,TTO,0
2005,Trinidad & Tobago,TTO,0
2006,Trinidad & Tobago,TTO,0
2007,Trinidad & Tobago,TTO,44919880.23
2008,Trinidad & Tobago,TTO,0
2009,Trinidad & Tobago,TTO,0
2010,Trinidad & Tobago,TTO,0
2011,Trinidad & Tobago,TTO,0
2012,Trinidad & Tobago,TTO,0
2013,Trinidad & Tobago,TTO,152677109.34829998
2014,Trinidad & Tobago,TTO,0
2000,Cuba,CUB,0
2001,Cuba,CUB,0
2002,Cuba,CUB,0
2003,Cuba,CUB,0
2004,Cuba,CUB,0
2005,Cuba,CUB,0
2006,Cuba,CUB,0
2007,Cuba,CUB,0
2008,Cuba,CUB,117483395.56300001
2009,Cuba,CUB,0
2010,Cuba,CUB,0
2011,Cuba,CUB,6659923955
2012,Cuba,CUB,423614.1739
2013,Cuba,CUB,0
2014,Cuba,CUB,0
2000,Malawi,MWI,0
2001,Malawi,MWI,0
2002,Malawi,MWI,0
2003,Malawi,MWI,0
2004,Malawi,MWI,0
2005,Malawi,MWI,0
2006,Malawi,MWI,0
2007,Malawi,MWI,0
2008,Malawi,MWI,96523916.54
2009,Malawi,MWI,271506374.8233
2010,Malawi,MWI,75461885.28
2011,Malawi,MWI,91574436.1571
2012,Malawi,MWI,3089027.56663
2013,Malawi,MWI,496442.05346
2014,Malawi,MWI,36767590.79
2000,Niue,NIU,0
2001,Niue,NIU,0
2002,Niue,NIU,0
2003,Niue,NIU,0
2004,Niue,NIU,0
2005,Niue,NIU,0
2006,Niue,NIU,0
2007,Niue,NIU,0
2008,Niue,NIU,275782.6187
2009,Niue,NIU,0
2010,Niue,NIU,0
2011,Niue,NIU,0
2012,Niue,NIU,0
2013,Niue,NIU,0
2014,Niue,NIU,0
2000,South Sudan,SSD,0
2001,South Sudan,SSD,0
2002,South Sudan,SSD,0
2003,South Sudan,SSD,0
2004,South Sudan,SSD,0
2005,South Sudan,SSD,0
2006,South Sudan,SSD,0
2007,South Sudan,SSD,0
2008,South Sudan,SSD,3998847.971
2009,South Sudan,SSD,0
2010,South Sudan,SSD,0
2011,South Sudan,SSD,35200751.067600004
2012,South Sudan,SSD,211807087
2013,South Sudan,SSD,93740020.9719
2014,South Sudan,SSD,58164683.85677
2000,Bahamas,BHS,0
2001,Bahamas,BHS,0
2002,Bahamas,BHS,0
2003,Bahamas,BHS,0
2004,Bahamas,BHS,0
2005,Bahamas,BHS,0
2006,Bahamas,BHS,0
2007,Bahamas,BHS,0
2008,Bahamas,BHS,0
2009,Bahamas,BHS,9906821.149
2010,Bahamas,BHS,73701107.95
2011,Bahamas,BHS,2753112664.05212
2012,Bahamas,BHS,41831899.676
2013,Bahamas,BHS,0
2014,Bahamas,BHS,0
2000,Chile,CHL,0
2001,Chile,CHL,0
2002,Chile,CHL,0
2003,Chile,CHL,0
2004,Chile,CHL,0
2005,Chile,CHL,0
2006,Chile,CHL,0
2007,Chile,CHL,0
2008,Chile,CHL,0
2009,Chile,CHL,271419757.5
2010,Chile,CHL,3773094.264
2011,Chile,CHL,166498098.9
2012,Chile,CHL,953131891.3
2013,Chile,CHL,0
2014,Chile,CHL,0
2000,Israel,ISR,0
2001,Israel,ISR,0
2002,Israel,ISR,0
2003,Israel,ISR,0
2004,Israel,ISR,0
2005,Israel,ISR,0
2006,Israel,ISR,0
2007,Israel,ISR,0
2008,Israel,ISR,0
2009,Israel,ISR,0
2010,Israel,ISR,0
2011,Israel,ISR,0
2012,Israel,ISR,0
2013,Israel,ISR,0
2014,Israel,ISR,0
2000,Montenegro,MNE,0
2001,Montenegro,MNE,0
2002,Montenegro,MNE,0
2003,Montenegro,MNE,0
2004,Montenegro,MNE,0
2005,Montenegro,MNE,0
2006,Montenegro,MNE,0
2007,Montenegro,MNE,0
2008,Montenegro,MNE,0
2009,Montenegro,MNE,0
2010,Montenegro,MNE,59609858.58
2011,Montenegro,MNE,0
2012,Montenegro,MNE,50198279.61
2013,Montenegro,MNE,0
2014,Montenegro,MNE,911466080
2000,Bahrain,BHR,0
2001,Bahrain,BHR,0
2002,Bahrain,BHR,0
2003,Bahrain,BHR,0
2004,Bahrain,BHR,0
2005,Bahrain,BHR,0
2006,Bahrain,BHR,0
2007,Bahrain,BHR,0
2008,Bahrain,BHR,0
2009,Bahrain,BHR,0
2010,Bahrain,BHR,0
2011,Bahrain,BHR,0
2012,Bahrain,BHR,0
2013,Bahrain,BHR,0
2014,Bahrain,BHR,0
2000,Kuwait,KWT,0
2001,Kuwait,KWT,0
2002,Kuwait,KWT,0
2003,Kuwait,KWT,0
2004,Kuwait,KWT,0
2005,Kuwait,KWT,0
2006,Kuwait,KWT,0
2007,Kuwait,KWT,0
2008,Kuwait,KWT,0
2009,Kuwait,KWT,0
2010,Kuwait,KWT,0
2011,Kuwait,KWT,0
2012,Kuwait,KWT,0
2013,Kuwait,KWT,0
2014,Kuwait,KWT,0
2000,United Arab Emirates,ARE,0
2001,United Arab Emirates,ARE,0
2002,United Arab Emirates,ARE,0
2003,United Arab Emirates,ARE,0
2004,United Arab Emirates,ARE,0
2005,United Arab Emirates,ARE,0
2006,United Arab Emirates,ARE,0
2007,United Arab Emirates,ARE,0
2008,United Arab Emirates,ARE,0
2009,United Arab Emirates,ARE,0
2010,United Arab Emirates,ARE,0
2011,United Arab Emirates,ARE,0
2012,United Arab Emirates,ARE,31771063.04
2013,United Arab Emirates,ARE,0
2014,United Arab Emirates,ARE,0
2000,Australia,AUS,0
2001,Australia,AUS,0
2002,Australia,AUS,0
2003,Australia,AUS,0
2004,Australia,AUS,0
2005,Australia,AUS,0
2006,Australia,AUS,0
2007,Australia,AUS,0
2008,Australia,AUS,0
2009,Australia,AUS,0
2010,Australia,AUS,0
2011,Australia,AUS,0
2012,Australia,AUS,0
2013,Australia,AUS,0
2014,Australia,AUS,0
2000,Cyprus,CYP,0
2001,Cyprus,CYP,0
2002,Cyprus,CYP,0
2003,Cyprus,CYP,0
2004,Cyprus,CYP,0
2005,Cyprus,CYP,0
2006,Cyprus,CYP,0
2007,Cyprus,CYP,0
2008,Cyprus,CYP,0
2009,Cyprus,CYP,0
2010,Cyprus,CYP,0
2011,Cyprus,CYP,0
2012,Cyprus,CYP,0
2013,Cyprus,CYP,0
2014,Cyprus,CYP,0
2000,Malta,MLT,0
2001,Malta,MLT,0
2002,Malta,MLT,0
2003,Malta,MLT,0
2004,Malta,MLT,0
2005,Malta,MLT,0
2006,Malta,MLT,0
2007,Malta,MLT,0
2008,Malta,MLT,0
2009,Malta,MLT,0
2010,Malta,MLT,0
2011,Malta,MLT,0
2012,Malta,MLT,0
2013,Malta,MLT,15251300.46
2014,Malta,MLT,0
2000,São Tomé & Príncipe,STP,0
2001,São Tomé & Príncipe,STP,0
2002,São Tomé & Príncipe,STP,0
2003,São Tomé & Príncipe,STP,0
2004,São Tomé & Príncipe,STP,0
2005,São Tomé & Príncipe,STP,0
2006,São Tomé & Príncipe,STP,0
2007,São Tomé & Príncipe,STP,0
2008,São Tomé & Príncipe,STP,0
2009,São Tomé & Príncipe,STP,0
2010,São Tomé & Príncipe,STP,0
2011,São Tomé & Príncipe,STP,0
2012,São Tomé & Príncipe,STP,0
2013,São Tomé & Príncipe,STP,0
2014,São Tomé & Príncipe,STP,0
