conflict_id,location,year,civilwar
13637,Afghanistan,2015,
13637,Afghanistan,2016,
13637,Afghanistan,2017,
13637,Afghanistan,2018,
333,Afghanistan,1978,
333,Afghanistan,1979,
333,Afghanistan,1980,
333,Afghanistan,1981,
333,Afghanistan,1982,
333,Afghanistan,1983,
333,Afghanistan,1984,
333,Afghanistan,1985,
333,Afghanistan,1986,
333,Afghanistan,1987,
333,Afghanistan,1988,
333,Afghanistan,1989,
333,Afghanistan,1990,
333,Afghanistan,1991,
333,Afghanistan,1992,
333,Afghanistan,1993,
333,Afghanistan,1994,
333,Afghanistan,1995,1
333,Afghanistan,1996,1
333,Afghanistan,1997,1
333,Afghanistan,1998,1
333,Afghanistan,1999,1
333,Afghanistan,2000,1
333,Afghanistan,2001,1
333,Afghanistan,2002,1
333,Afghanistan,2003,1
333,Afghanistan,2004,1
333,Afghanistan,2005,1
333,Afghanistan,2006,1
333,Afghanistan,2007,1
333,Afghanistan,2008,1
333,Afghanistan,2009,1
333,Afghanistan,2010,1
333,Afghanistan,2011,1
333,Afghanistan,2012,1
333,Afghanistan,2013,1
333,Afghanistan,2014,1
333,Afghanistan,2015,
333,Afghanistan,2016,
333,Afghanistan,2017,
333,Afghanistan,2018,
431,"Afghanistan, Russia (Soviet Union)",1979,
13692,"Afghanistan, United Kingdom, United States of America",2001,1
215,"Albania, United Kingdom",1946,
13721,Algeria,2015,
246,Algeria,1954,
246,Algeria,1955,
246,Algeria,1956,
246,Algeria,1957,
246,Algeria,1958,
246,Algeria,1959,
246,Algeria,1960,
246,Algeria,1961,
246,Algeria,1962,
386,Algeria,1991,
386,Algeria,1992,
386,Algeria,1993,
386,Algeria,1994,
386,Algeria,1995,1
386,Algeria,1996,1
386,Algeria,1997,1
386,Algeria,1998,1
386,Algeria,1999,1
386,Algeria,2000,1
386,Algeria,2001,1
386,Algeria,2002,1
386,Algeria,2003,1
386,Algeria,2004,1
386,Algeria,2005,1
386,Algeria,2006,1
386,Algeria,2007,1
386,Algeria,2008,1
386,Algeria,2009,1
386,Algeria,2010,1
386,Algeria,2011,1
386,Algeria,2012,1
386,Algeria,2013,1
386,Algeria,2014,1
386,Algeria,2015,
386,Algeria,2016,
386,Algeria,2017,
386,Algeria,2018,
278,"Algeria, Morocco",1963,
263,Angola,1961,
263,Angola,1962,
263,Angola,1963,
263,Angola,1964,
263,Angola,1965,
263,Angola,1966,
263,Angola,1967,
263,Angola,1968,
263,Angola,1969,
263,Angola,1970,
263,Angola,1971,
263,Angola,1972,
263,Angola,1973,
263,Angola,1974,
327,Angola,1975,
327,Angola,1976,
327,Angola,1977,
327,Angola,1978,
327,Angola,1979,
327,Angola,1980,
327,Angola,1981,
327,Angola,1982,
327,Angola,1983,
327,Angola,1984,
327,Angola,1985,
327,Angola,1986,
327,Angola,1987,
327,Angola,1988,
327,Angola,1989,
327,Angola,1990,
327,Angola,1991,
327,Angola,1992,
327,Angola,1993,
327,Angola,1994,
327,Angola,1995,1
327,Angola,1998,1
327,Angola,1999,1
327,Angola,2000,1
327,Angola,2001,1
327,Angola,2002,1
387,Angola,1991,
387,Angola,1994,
387,Angola,1996,1
387,Angola,1997,1
387,Angola,1998,1
387,Angola,2002,1
387,Angola,2004,1
387,Angola,2007,1
387,Angola,2009,1
387,Angola,2017,
247,Argentina,1955,
247,Argentina,1963,
247,Argentina,1974,
247,Argentina,1975,
247,Argentina,1976,
247,Argentina,1977,
346,"Argentina, United Kingdom",1982,
420,"Australia, Iraq, United Kingdom, United States of America",2003,1
388,Azerbaijan,1991,
388,Azerbaijan,1992,
388,Azerbaijan,1993,
388,Azerbaijan,1994,
388,Azerbaijan,1997,1
388,Azerbaijan,1998,1
388,Azerbaijan,2005,1
388,Azerbaijan,2008,1
388,Azerbaijan,2012,1
388,Azerbaijan,2014,1
388,Azerbaijan,2015,
388,Azerbaijan,2016,
388,Azerbaijan,2017,
396,Azerbaijan,1993,
396,Azerbaijan,1995,1
11350,Bangladesh,2005,1
11350,Bangladesh,2006,1
13674,Bangladesh,2016,
13674,Bangladesh,2017,
322,Bangladesh,1975,
322,Bangladesh,1976,
322,Bangladesh,1977,
322,Bangladesh,1978,
322,Bangladesh,1979,
322,Bangladesh,1980,
322,Bangladesh,1981,
322,Bangladesh,1982,
322,Bangladesh,1983,
322,Bangladesh,1984,
322,Bangladesh,1985,
322,Bangladesh,1986,
322,Bangladesh,1987,
322,Bangladesh,1988,
322,Bangladesh,1989,
322,Bangladesh,1990,
322,Bangladesh,1991,
200,Bolivia,1946,
200,Bolivia,1952,
200,Bolivia,1967,
389,Bosnia-Herzegovina,1992,
389,Bosnia-Herzegovina,1993,
389,Bosnia-Herzegovina,1994,
389,Bosnia-Herzegovina,1995,1
397,Bosnia-Herzegovina,1993,
397,Bosnia-Herzegovina,1994,
397,Bosnia-Herzegovina,1995,1
398,Bosnia-Herzegovina,1993,
398,Bosnia-Herzegovina,1994,
273,Brunei,1962,
360,Burkina Faso,1987,
360,Burkina Faso,2018,
355,"Burkina Faso, Mali",1985,
287,Burundi,1965,
287,Burundi,1991,
287,Burundi,1992,
287,Burundi,1994,
287,Burundi,1995,1
287,Burundi,1996,1
287,Burundi,1997,1
287,Burundi,1998,1
287,Burundi,1999,1
287,Burundi,2000,1
287,Burundi,2001,1
287,Burundi,2002,1
287,Burundi,2003,1
287,Burundi,2004,1
287,Burundi,2005,1
287,Burundi,2006,1
287,Burundi,2008,1
287,Burundi,2014,1
287,Burundi,2015,
201,Cambodia (Kampuchea),1946,
201,Cambodia (Kampuchea),1947,
201,Cambodia (Kampuchea),1948,
201,Cambodia (Kampuchea),1949,
201,Cambodia (Kampuchea),1950,
201,Cambodia (Kampuchea),1951,
201,Cambodia (Kampuchea),1952,
201,Cambodia (Kampuchea),1953,
300,Cambodia (Kampuchea),1967,
300,Cambodia (Kampuchea),1968,
300,Cambodia (Kampuchea),1969,
300,Cambodia (Kampuchea),1970,
300,Cambodia (Kampuchea),1971,
300,Cambodia (Kampuchea),1972,
300,Cambodia (Kampuchea),1973,
300,Cambodia (Kampuchea),1974,
300,Cambodia (Kampuchea),1975,
300,Cambodia (Kampuchea),1978,
300,Cambodia (Kampuchea),1979,
300,Cambodia (Kampuchea),1980,
300,Cambodia (Kampuchea),1981,
300,Cambodia (Kampuchea),1982,
300,Cambodia (Kampuchea),1983,
300,Cambodia (Kampuchea),1984,
300,Cambodia (Kampuchea),1985,
300,Cambodia (Kampuchea),1986,
300,Cambodia (Kampuchea),1987,
300,Cambodia (Kampuchea),1988,
300,Cambodia (Kampuchea),1989,
300,Cambodia (Kampuchea),1990,
300,Cambodia (Kampuchea),1991,
300,Cambodia (Kampuchea),1992,
300,Cambodia (Kampuchea),1993,
300,Cambodia (Kampuchea),1994,
300,Cambodia (Kampuchea),1995,1
300,Cambodia (Kampuchea),1996,1
300,Cambodia (Kampuchea),1997,1
300,Cambodia (Kampuchea),1998,1
294,"Cambodia (Kampuchea), Thailand",1977,
294,"Cambodia (Kampuchea), Thailand",1978,
294,"Cambodia (Kampuchea), Thailand",2011,1
328,"Cambodia (Kampuchea), Vietnam (North Vietnam)",1975,
328,"Cambodia (Kampuchea), Vietnam (North Vietnam)",1976,
328,"Cambodia (Kampuchea), Vietnam (North Vietnam)",1977,
13638,Cameroon,2015,
13638,Cameroon,2016,
14129,Cameroon,2017,
14129,Cameroon,2018,
254,Cameroon,1957,
254,Cameroon,1958,
254,Cameroon,1959,
353,Cameroon,1960,
353,Cameroon,1961,
353,Cameroon,1984,
353,Cameroon,2015,
353,Cameroon,2016,
353,Cameroon,2017,
405,"Cameroon, Nigeria",1996,1
416,Central African Republic,2001,1
416,Central African Republic,2002,1
416,Central African Republic,2006,1
416,Central African Republic,2009,1
416,Central African Republic,2010,1
416,Central African Republic,2011,1
416,Central African Republic,2012,1
416,Central African Republic,2013,1
416,Central African Republic,2018,
13640,Chad,2015,
13640,Chad,2017,
13640,Chad,2018,
288,Chad,1966,
288,Chad,1967,
288,Chad,1968,
288,Chad,1969,
288,Chad,1970,
288,Chad,1971,
288,Chad,1972,
288,Chad,1976,
288,Chad,1977,
288,Chad,1978,
288,Chad,1979,
288,Chad,1980,
288,Chad,1981,
288,Chad,1982,
288,Chad,1983,
288,Chad,1984,
288,Chad,1986,
288,Chad,1987,
288,Chad,1989,
288,Chad,1990,
288,Chad,1991,
288,Chad,1992,
288,Chad,1993,
288,Chad,1994,
288,Chad,1997,1
288,Chad,1998,1
288,Chad,1999,1
288,Chad,2000,1
288,Chad,2001,1
288,Chad,2002,1
288,Chad,2003,1
288,Chad,2005,1
288,Chad,2006,1
288,Chad,2007,1
288,Chad,2008,1
288,Chad,2009,1
288,Chad,2010,1
288,Chad,2018,
361,"Chad, Libya",1987,
349,"Chad, Nigeria",1983,
321,Chile,1973,
11349,China,2008,1
202,China,1946,
202,China,1947,
202,China,1948,
202,China,1949,
217,China,1947,
236,China,1950,
236,China,1956,
236,China,1959,
274,"China, India",1962,
274,"China, India",1967,
304,"China, Myanmar (Burma)",1969,
305,"China, Russia (Soviet Union)",1969,
232,"China, Taiwan",1949,
232,"China, Taiwan",1950,
232,"China, Taiwan",1954,
232,"China, Taiwan",1958,
334,"China, Vietnam (North Vietnam)",1974,
334,"China, Vietnam (North Vietnam)",1978,
334,"China, Vietnam (North Vietnam)",1979,
334,"China, Vietnam (North Vietnam)",1980,
334,"China, Vietnam (North Vietnam)",1981,
334,"China, Vietnam (North Vietnam)",1983,
334,"China, Vietnam (North Vietnam)",1984,
334,"China, Vietnam (North Vietnam)",1986,
334,"China, Vietnam (North Vietnam)",1987,
334,"China, Vietnam (North Vietnam)",1988,
289,Colombia,1964,
289,Colombia,1965,
289,Colombia,1966,
289,Colombia,1967,
289,Colombia,1968,
289,Colombia,1969,
289,Colombia,1970,
289,Colombia,1971,
289,Colombia,1972,
289,Colombia,1973,
289,Colombia,1974,
289,Colombia,1975,
289,Colombia,1976,
289,Colombia,1977,
289,Colombia,1978,
289,Colombia,1979,
289,Colombia,1980,
289,Colombia,1981,
289,Colombia,1982,
289,Colombia,1983,
289,Colombia,1984,
289,Colombia,1985,
289,Colombia,1986,
289,Colombia,1987,
289,Colombia,1988,
289,Colombia,1989,
289,Colombia,1990,
289,Colombia,1991,
289,Colombia,1992,
289,Colombia,1993,
289,Colombia,1994,
289,Colombia,1995,1
289,Colombia,1996,1
289,Colombia,1997,1
289,Colombia,1998,1
289,Colombia,1999,1
289,Colombia,2000,1
289,Colombia,2001,1
289,Colombia,2002,1
289,Colombia,2003,1
289,Colombia,2004,1
289,Colombia,2005,1
289,Colombia,2006,1
289,Colombia,2007,1
289,Colombia,2008,1
289,Colombia,2009,1
289,Colombia,2010,1
289,Colombia,2011,1
289,Colombia,2012,1
289,Colombia,2013,1
289,Colombia,2014,1
289,Colombia,2015,
289,Colombia,2016,
289,Colombia,2018,
362,Comoros,1989,
407,Comoros,1997,1
408,Congo,1993,
408,Congo,1997,1
408,Congo,1998,1
408,Congo,1999,1
408,Congo,2002,1
408,Congo,2016,
225,Costa Rica,1948,
390,Croatia,1992,
390,Croatia,1993,
390,Croatia,1995,1
242,Cuba,1953,
242,Cuba,1956,
242,Cuba,1957,
242,Cuba,1958,
242,Cuba,1961,
248,Cyprus,1955,
248,Cyprus,1956,
248,Cyprus,1957,
248,Cyprus,1958,
248,Cyprus,1959,
323,"Cyprus, Turkey",1974,
379,Djibouti,1991,
379,Djibouti,1992,
379,Djibouti,1993,
379,Djibouti,1994,
379,Djibouti,1999,1
435,"Djibouti, Eritrea",2008,1
290,Dominican Republic,1965,
265,DR Congo (Zaire),1961,
265,DR Congo (Zaire),1962,
265,DR Congo (Zaire),2013,1
265,DR Congo (Zaire),2014,1
266,DR Congo (Zaire),1960,
266,DR Congo (Zaire),1961,
266,DR Congo (Zaire),1962,
283,DR Congo (Zaire),1964,
283,DR Congo (Zaire),1965,
283,DR Congo (Zaire),1967,
283,DR Congo (Zaire),1977,
283,DR Congo (Zaire),1978,
283,DR Congo (Zaire),1996,1
283,DR Congo (Zaire),1997,1
283,DR Congo (Zaire),1998,1
283,DR Congo (Zaire),1999,1
283,DR Congo (Zaire),2000,1
283,DR Congo (Zaire),2001,1
283,DR Congo (Zaire),2006,1
283,DR Congo (Zaire),2007,1
283,DR Congo (Zaire),2008,1
283,DR Congo (Zaire),2011,1
283,DR Congo (Zaire),2012,1
283,DR Congo (Zaire),2013,1
283,DR Congo (Zaire),2014,1
283,DR Congo (Zaire),2016,
283,DR Congo (Zaire),2017,
283,DR Congo (Zaire),2018,
429,DR Congo (Zaire),2007,1
429,DR Congo (Zaire),2008,1
429,DR Congo (Zaire),2017,
403,"Ecuador, Peru",1995,1
13648,Egypt,2015,
13648,Egypt,2016,
13648,Egypt,2017,
13648,Egypt,2018,
391,Egypt,1993,
391,Egypt,1994,
391,Egypt,1995,1
391,Egypt,1996,1
391,Egypt,1997,1
391,Egypt,1998,1
391,Egypt,2014,1
391,Egypt,2017,
391,Egypt,2018,
252,"Egypt, France, Israel, United Kingdom",1956,
228,"Egypt, Iraq, Israel, Jordan, Lebanon, Syria",1948,
228,"Egypt, Iraq, Israel, Jordan, Lebanon, Syria",1949,
11343,"Egypt, Israel",1967,
11343,"Egypt, Israel",1969,
11343,"Egypt, Israel",1970,
11343,"Egypt, Israel",1973,
239,"Egypt, United Kingdom",1951,
239,"Egypt, United Kingdom",1952,
316,El Salvador,1972,
316,El Salvador,1979,
316,El Salvador,1980,
316,El Salvador,1981,
316,El Salvador,1982,
316,El Salvador,1983,
316,El Salvador,1984,
316,El Salvador,1985,
316,El Salvador,1986,
316,El Salvador,1987,
316,El Salvador,1988,
316,El Salvador,1989,
316,El Salvador,1990,
316,El Salvador,1991,
306,"El Salvador, Honduras",1969,
326,Eritrea,1997,1
326,Eritrea,1999,1
326,Eritrea,2003,1
409,"Eritrea, Ethiopia",1998,1
409,"Eritrea, Ethiopia",1999,1
409,"Eritrea, Ethiopia",2000,1
409,"Eritrea, Ethiopia",2016,
11447,Ethiopia,1991,
267,Ethiopia,1960,
267,Ethiopia,1976,
267,Ethiopia,1977,
267,Ethiopia,1978,
267,Ethiopia,1979,
267,Ethiopia,1980,
267,Ethiopia,1981,
267,Ethiopia,1982,
267,Ethiopia,1983,
267,Ethiopia,1984,
267,Ethiopia,1985,
267,Ethiopia,1986,
267,Ethiopia,1987,
267,Ethiopia,1988,
267,Ethiopia,1989,
267,Ethiopia,1990,
267,Ethiopia,1991,
275,Ethiopia,1964,
275,Ethiopia,1965,
275,Ethiopia,1966,
275,Ethiopia,1967,
275,Ethiopia,1968,
275,Ethiopia,1969,
275,Ethiopia,1970,
275,Ethiopia,1971,
275,Ethiopia,1972,
275,Ethiopia,1973,
275,Ethiopia,1974,
275,Ethiopia,1975,
275,Ethiopia,1976,
275,Ethiopia,1977,
275,Ethiopia,1978,
275,Ethiopia,1979,
275,Ethiopia,1980,
275,Ethiopia,1981,
275,Ethiopia,1982,
275,Ethiopia,1983,
275,Ethiopia,1984,
275,Ethiopia,1985,
275,Ethiopia,1986,
275,Ethiopia,1987,
275,Ethiopia,1988,
275,Ethiopia,1989,
275,Ethiopia,1990,
275,Ethiopia,1991,
329,Ethiopia,1964,
329,Ethiopia,1976,
329,Ethiopia,1977,
329,Ethiopia,1978,
329,Ethiopia,1979,
329,Ethiopia,1980,
329,Ethiopia,1981,
329,Ethiopia,1982,
329,Ethiopia,1983,
329,Ethiopia,1993,
329,Ethiopia,1994,
329,Ethiopia,1996,1
329,Ethiopia,1998,1
329,Ethiopia,1999,1
329,Ethiopia,2000,1
329,Ethiopia,2001,1
329,Ethiopia,2002,1
329,Ethiopia,2003,1
329,Ethiopia,2004,1
329,Ethiopia,2005,1
329,Ethiopia,2006,1
329,Ethiopia,2007,1
329,Ethiopia,2008,1
329,Ethiopia,2009,1
329,Ethiopia,2010,1
329,Ethiopia,2011,1
329,Ethiopia,2012,1
329,Ethiopia,2013,1
329,Ethiopia,2014,1
329,Ethiopia,2015,
329,Ethiopia,2016,
363,Ethiopia,1975,
363,Ethiopia,1976,
363,Ethiopia,1996,1
413,Ethiopia,1977,
413,Ethiopia,1978,
413,Ethiopia,1980,
413,Ethiopia,1981,
413,Ethiopia,1983,
413,Ethiopia,1984,
413,Ethiopia,1985,
413,Ethiopia,1986,
413,Ethiopia,1987,
413,Ethiopia,1988,
413,Ethiopia,1989,
413,Ethiopia,1990,
413,Ethiopia,1991,
413,Ethiopia,1992,
413,Ethiopia,1994,
413,Ethiopia,1995,1
413,Ethiopia,1998,1
413,Ethiopia,1999,1
413,Ethiopia,2000,1
413,Ethiopia,2001,1
413,Ethiopia,2002,1
413,Ethiopia,2003,1
413,Ethiopia,2004,1
413,Ethiopia,2005,1
413,Ethiopia,2006,1
413,Ethiopia,2007,1
413,Ethiopia,2008,1
413,Ethiopia,2009,1
413,Ethiopia,2010,1
413,Ethiopia,2011,1
413,Ethiopia,2012,1
413,Ethiopia,2013,1
413,Ethiopia,2015,
413,Ethiopia,2016,
436,Ethiopia,1977,
436,Ethiopia,1978,
436,Ethiopia,1979,
436,Ethiopia,1980,
437,Ethiopia,1983,
268,"Ethiopia, Somalia",1964,
268,"Ethiopia, Somalia",1977,
268,"Ethiopia, Somalia",1978,
268,"Ethiopia, Somalia",1980,
270,France,1961,
270,France,1962,
214,"France, Thailand",1946,
272,"France, Tunisia",1961,
284,Gabon,1964,
344,Gambia,1981,
380,Georgia,1991,
380,Georgia,1992,
380,Georgia,1993,
392,Georgia,1992,
392,Georgia,1993,
393,Georgia,1992,
393,Georgia,2004,1
393,Georgia,2008,1
295,Ghana,1966,
295,Ghana,1981,
295,Ghana,1983,
203,Greece,1946,
203,Greece,1947,
203,Greece,1948,
203,Greece,1949,
350,"Grenada, United States of America",1983,
233,Guatemala,1949,
233,Guatemala,1954,
233,Guatemala,1963,
233,Guatemala,1965,
233,Guatemala,1966,
233,Guatemala,1967,
233,Guatemala,1968,
233,Guatemala,1969,
233,Guatemala,1970,
233,Guatemala,1971,
233,Guatemala,1972,
233,Guatemala,1973,
233,Guatemala,1974,
233,Guatemala,1975,
233,Guatemala,1976,
233,Guatemala,1977,
233,Guatemala,1978,
233,Guatemala,1979,
233,Guatemala,1980,
233,Guatemala,1981,
233,Guatemala,1982,
233,Guatemala,1983,
233,Guatemala,1984,
233,Guatemala,1985,
233,Guatemala,1986,
233,Guatemala,1987,
233,Guatemala,1988,
233,Guatemala,1989,
233,Guatemala,1990,
233,Guatemala,1991,
233,Guatemala,1992,
233,Guatemala,1993,
233,Guatemala,1994,
233,Guatemala,1995,1
307,Guinea,2000,1
307,Guinea,2001,1
279,Guinea-Bissau,1963,
279,Guinea-Bissau,1964,
279,Guinea-Bissau,1965,
279,Guinea-Bissau,1966,
279,Guinea-Bissau,1967,
279,Guinea-Bissau,1968,
279,Guinea-Bissau,1969,
279,Guinea-Bissau,1970,
279,Guinea-Bissau,1971,
279,Guinea-Bissau,1972,
279,Guinea-Bissau,1973,
410,Guinea-Bissau,1998,1
410,Guinea-Bissau,1999,1
381,Haiti,1989,
381,Haiti,1991,
381,Haiti,2004,1
255,"Honduras, Nicaragua",1957,
250,"Hungary, Russia (Soviet Union)",1956,
11884,Hyderabad,1947,
11884,Hyderabad,1948,
226,"Hyderabad, India",1948,
11342,India,2012,1
11342,India,2014,1
13653,India,2015,
13653,India,2016,
13653,India,2017,
13653,India,2018,
227,India,1948,
227,India,1949,
227,India,1950,
227,India,1951,
227,India,1969,
227,India,1970,
227,India,1971,
227,India,1991,
227,India,1992,
227,India,1993,
227,India,1994,
227,India,1996,1
227,India,1997,1
227,India,1998,1
227,India,1999,1
227,India,2000,1
227,India,2001,1
227,India,2002,1
227,India,2003,1
227,India,2004,1
227,India,2005,1
227,India,2006,1
227,India,2007,1
227,India,2008,1
227,India,2009,1
227,India,2010,1
227,India,2011,1
227,India,2012,1
227,India,2013,1
227,India,2014,1
227,India,2015,
227,India,2016,
227,India,2017,
227,India,2018,
251,India,1956,
251,India,1957,
251,India,1958,
251,India,1959,
251,India,1961,
251,India,1962,
251,India,1963,
251,India,1964,
251,India,1965,
251,India,1966,
251,India,1967,
251,India,1968,
251,India,1992,
251,India,1993,
251,India,1994,
251,India,1995,1
251,India,1996,1
251,India,1997,1
251,India,2000,1
296,India,1966,
296,India,1967,
296,India,1968,
335,India,1979,
335,India,1980,
335,India,1981,
335,India,1982,
335,India,1983,
335,India,1984,
335,India,1985,
335,India,1986,
335,India,1987,
335,India,1988,
335,India,1992,
335,India,1997,1
335,India,1999,1
335,India,2000,1
335,India,2001,1
335,India,2002,1
335,India,2003,1
335,India,2004,1
347,India,1982,
347,India,1983,
347,India,1984,
347,India,1985,
347,India,1986,
347,India,1987,
347,India,1988,
347,India,1993,
347,India,1994,
347,India,1995,1
347,India,1996,1
347,India,1998,1
347,India,1999,1
347,India,2000,1
347,India,2003,1
347,India,2004,1
347,India,2005,1
347,India,2006,1
347,India,2007,1
347,India,2008,1
347,India,2009,1
351,India,1983,
351,India,1984,
351,India,1985,
351,India,1986,
351,India,1987,
351,India,1988,
351,India,1989,
351,India,1990,
351,India,1991,
351,India,1992,
351,India,1993,
364,India,1990,
364,India,1991,
364,India,1992,
364,India,1993,
364,India,1994,
364,India,1995,1
364,India,1996,1
364,India,1997,1
364,India,1998,1
364,India,1999,1
364,India,2000,1
364,India,2001,1
364,India,2002,1
364,India,2003,1
364,India,2004,1
364,India,2005,1
364,India,2006,1
364,India,2007,1
364,India,2008,1
364,India,2009,1
364,India,2010,1
364,India,2011,1
364,India,2012,1
364,India,2013,1
364,India,2014,1
364,India,2015,
364,India,2016,
364,India,2017,
364,India,2018,
365,India,1990,
365,India,1994,
365,India,1995,1
365,India,1996,1
365,India,1997,1
365,India,1998,1
365,India,1999,1
365,India,2000,1
365,India,2001,1
365,India,2002,1
365,India,2003,1
365,India,2004,1
365,India,2005,1
365,India,2006,1
365,India,2007,1
365,India,2008,1
365,India,2009,1
365,India,2010,1
421,India,1989,
421,India,1990,
421,India,1994,
421,India,1996,1
421,India,1997,1
421,India,1998,1
421,India,1999,1
421,India,2001,1
421,India,2002,1
421,India,2003,1
421,India,2004,1
421,India,2009,1
421,India,2010,1
421,India,2013,1
421,India,2014,1
434,India,2008,1
218,"India, Pakistan",1948,
218,"India, Pakistan",1964,
218,"India, Pakistan",1965,
218,"India, Pakistan",1971,
218,"India, Pakistan",1984,
218,"India, Pakistan",1987,
218,"India, Pakistan",1989,
218,"India, Pakistan",1990,
218,"India, Pakistan",1991,
218,"India, Pakistan",1992,
218,"India, Pakistan",1996,1
218,"India, Pakistan",1997,1
218,"India, Pakistan",1998,1
218,"India, Pakistan",1999,1
218,"India, Pakistan",2000,1
218,"India, Pakistan",2001,1
218,"India, Pakistan",2002,1
218,"India, Pakistan",2003,1
218,"India, Pakistan",2014,1
218,"India, Pakistan",2015,
218,"India, Pakistan",2016,
218,"India, Pakistan",2017,
218,"India, Pakistan",2018,
204,Indonesia,1946,
204,Indonesia,1947,
204,Indonesia,1948,
204,Indonesia,1949,
237,Indonesia,1950,
243,Indonesia,1953,
243,Indonesia,1958,
243,Indonesia,1959,
243,Indonesia,1960,
243,Indonesia,1961,
291,Indonesia,1965,
291,Indonesia,1967,
291,Indonesia,1968,
291,Indonesia,1969,
291,Indonesia,1976,
291,Indonesia,1977,
291,Indonesia,1978,
291,Indonesia,1981,
291,Indonesia,1984,
291,Indonesia,2018,
330,Indonesia,1975,
330,Indonesia,1976,
330,Indonesia,1977,
330,Indonesia,1978,
330,Indonesia,1979,
330,Indonesia,1980,
330,Indonesia,1981,
330,Indonesia,1982,
330,Indonesia,1983,
330,Indonesia,1984,
330,Indonesia,1985,
330,Indonesia,1986,
330,Indonesia,1987,
330,Indonesia,1988,
330,Indonesia,1992,
330,Indonesia,1997,1
330,Indonesia,1998,1
330,Indonesia,1999,1
366,Indonesia,1990,
366,Indonesia,1991,
366,Indonesia,1999,1
366,Indonesia,2000,1
366,Indonesia,2001,1
366,Indonesia,2002,1
366,Indonesia,2003,1
366,Indonesia,2004,1
366,Indonesia,2005,1
281,"Indonesia, Malaysia",1963,
281,"Indonesia, Malaysia",1964,
281,"Indonesia, Malaysia",1965,
281,"Indonesia, Malaysia",1966,
276,"Indonesia, Netherlands",1962,
14268,Iran,2017,
205,Iran,1946,
205,Iran,1966,
205,Iran,1967,
205,Iran,1968,
205,Iran,1979,
205,Iran,1980,
205,Iran,1981,
205,Iran,1982,
205,Iran,1983,
205,Iran,1984,
205,Iran,1985,
205,Iran,1986,
205,Iran,1987,
205,Iran,1988,
205,Iran,1990,
205,Iran,1993,
205,Iran,1996,1
205,Iran,2016,
205,Iran,2018,
206,Iran,1946,
338,Iran,1979,
338,Iran,1980,
338,Iran,1981,
338,Iran,1982,
338,Iran,1986,
338,Iran,1987,
338,Iran,1988,
338,Iran,1991,
338,Iran,1993,
338,Iran,1997,1
338,Iran,1999,1
338,Iran,2000,1
338,Iran,2001,1
338,Iran,2005,1
338,Iran,2006,1
338,Iran,2007,1
338,Iran,2008,1
338,Iran,2009,1
338,Iran,2010,1
338,Iran,2011,1
338,Iran,2018,
339,Iran,1979,
339,Iran,1980,
324,"Iran, Iraq",1974,
324,"Iran, Iraq",1980,
324,"Iran, Iraq",1981,
324,"Iran, Iraq",1982,
324,"Iran, Iraq",1983,
324,"Iran, Iraq",1984,
324,"Iran, Iraq",1985,
324,"Iran, Iraq",1986,
324,"Iran, Iraq",1987,
324,"Iran, Iraq",1988,
14609,"Iran, Israel",2018,
259,Iraq,1958,
259,Iraq,1959,
259,Iraq,1963,
259,Iraq,1982,
259,Iraq,1983,
259,Iraq,1984,
259,Iraq,1987,
259,Iraq,1991,
259,Iraq,1992,
259,Iraq,1993,
259,Iraq,1994,
259,Iraq,1995,1
259,Iraq,1996,1
259,Iraq,2004,1
259,Iraq,2005,1
259,Iraq,2006,1
259,Iraq,2007,1
259,Iraq,2008,1
259,Iraq,2009,1
259,Iraq,2010,1
259,Iraq,2011,1
259,Iraq,2012,1
259,Iraq,2013,1
259,Iraq,2014,1
259,Iraq,2015,
259,Iraq,2016,
259,Iraq,2017,
259,Iraq,2018,
271,Iraq,1961,
271,Iraq,1962,
271,Iraq,1963,
271,Iraq,1964,
271,Iraq,1965,
271,Iraq,1966,
271,Iraq,1967,
271,Iraq,1968,
271,Iraq,1969,
271,Iraq,1970,
271,Iraq,1973,
271,Iraq,1974,
271,Iraq,1975,
271,Iraq,1976,
271,Iraq,1977,
271,Iraq,1978,
271,Iraq,1979,
271,Iraq,1980,
271,Iraq,1981,
271,Iraq,1982,
271,Iraq,1983,
271,Iraq,1984,
271,Iraq,1985,
271,Iraq,1986,
271,Iraq,1987,
271,Iraq,1988,
271,Iraq,1989,
271,Iraq,1990,
271,Iraq,1991,
271,Iraq,1992,
271,Iraq,1995,1
271,Iraq,1996,1
371,"Iraq, Kuwait",1990,
371,"Iraq, Kuwait",1991,
207,Israel,1946,
234,Israel,1949,
234,Israel,1950,
234,Israel,1951,
234,Israel,1952,
234,Israel,1953,
234,Israel,1954,
234,Israel,1955,
234,Israel,1956,
234,Israel,1957,
234,Israel,1958,
234,Israel,1959,
234,Israel,1960,
234,Israel,1961,
234,Israel,1962,
234,Israel,1963,
234,Israel,1964,
234,Israel,1965,
234,Israel,1966,
234,Israel,1967,
234,Israel,1968,
234,Israel,1969,
234,Israel,1970,
234,Israel,1971,
234,Israel,1972,
234,Israel,1973,
234,Israel,1974,
234,Israel,1975,
234,Israel,1976,
234,Israel,1977,
234,Israel,1978,
234,Israel,1979,
234,Israel,1980,
234,Israel,1981,
234,Israel,1982,
234,Israel,1983,
234,Israel,1984,
234,Israel,1985,
234,Israel,1986,
234,Israel,1987,
234,Israel,1988,
234,Israel,1989,
234,Israel,1990,
234,Israel,1991,
234,Israel,1992,
234,Israel,1993,
234,Israel,1994,
234,Israel,1995,1
234,Israel,1996,1
234,Israel,2000,1
234,Israel,2001,1
234,Israel,2002,1
234,Israel,2003,1
234,Israel,2004,1
234,Israel,2005,1
234,Israel,2006,1
234,Israel,2007,1
234,Israel,2008,1
234,Israel,2009,1
234,Israel,2010,1
234,Israel,2011,1
234,Israel,2012,1
234,Israel,2014,1
234,Israel,2018,
426,Israel,1990,
426,Israel,1991,
426,Israel,1992,
426,Israel,1993,
426,Israel,1994,
426,Israel,1995,1
426,Israel,1996,1
426,Israel,1997,1
426,Israel,1998,1
426,Israel,1999,1
426,Israel,2006,1
301,"Israel, Jordan",1967,
302,"Israel, Syria",1967,
302,"Israel, Syria",1973,
419,Ivory Coast,2002,1
419,Ivory Coast,2003,1
419,Ivory Coast,2004,1
419,Ivory Coast,2011,1
13886,Jordan,2016,
13646,Kenya,2015,
13646,Kenya,2016,
13646,Kenya,2017,
13646,Kenya,2018,
241,Kenya,1952,
241,Kenya,1953,
241,Kenya,1954,
241,Kenya,1955,
241,Kenya,1956,
348,Kenya,1982,
208,Laos,1946,
208,Laos,1947,
208,Laos,1948,
208,Laos,1949,
208,Laos,1950,
208,Laos,1951,
208,Laos,1952,
208,Laos,1953,
262,Laos,1959,
262,Laos,1960,
262,Laos,1961,
262,Laos,1963,
262,Laos,1964,
262,Laos,1965,
262,Laos,1966,
262,Laos,1967,
262,Laos,1968,
262,Laos,1969,
262,Laos,1970,
262,Laos,1971,
262,Laos,1972,
262,Laos,1973,
262,Laos,1989,
262,Laos,1990,
356,"Laos, Thailand",1986,
356,"Laos, Thailand",1987,
356,"Laos, Thailand",1988,
13675,Lebanon,2014,1
13675,Lebanon,2015,
13675,Lebanon,2017,
260,Lebanon,1958,
260,Lebanon,1975,
260,Lebanon,1976,
260,Lebanon,1982,
260,Lebanon,1983,
260,Lebanon,1984,
260,Lebanon,1985,
260,Lebanon,1986,
260,Lebanon,1989,
260,Lebanon,1990,
411,Lesotho,1998,1
341,Liberia,1980,
341,Liberia,1989,
341,Liberia,1990,
341,Liberia,2000,1
341,Liberia,2001,1
341,Liberia,2002,1
341,Liberia,2003,1
11346,Libya,2011,1
11346,Libya,2013,1
11346,Libya,2014,1
11346,Libya,2015,
11346,Libya,2017,
13694,Libya,2015,
13694,Libya,2016,
13694,Libya,2017,
13694,Libya,2018,
417,"Macedonia, FYR",2001,1
219,Madagascar (Malagasy),1947,
310,Madagascar (Malagasy),1971,
11487,Malaysia,2013,1
229,Malaysia,1948,
229,Malaysia,1949,
229,Malaysia,1950,
229,Malaysia,1951,
229,Malaysia,1952,
229,Malaysia,1953,
229,Malaysia,1954,
229,Malaysia,1955,
229,Malaysia,1956,
229,Malaysia,1957,
261,Malaysia,1958,
261,Malaysia,1959,
261,Malaysia,1960,
261,Malaysia,1974,
261,Malaysia,1975,
261,Malaysia,1981,
280,Malaysia,1963,
280,Malaysia,1964,
280,Malaysia,1965,
280,Malaysia,1966,
11347,Mali,2009,1
11347,Mali,2012,1
11347,Mali,2013,1
11347,Mali,2014,1
11347,Mali,2015,
11347,Mali,2016,
11347,Mali,2017,
11347,Mali,2018,
13611,Mali,2015,
14113,Mali,2017,
14113,Mali,2018,
372,Mali,1990,
372,Mali,1994,
372,Mali,2007,1
372,Mali,2008,1
372,Mali,2009,1
372,Mali,2012,1
372,Mali,2014,1
372,Mali,2015,
428,Mauritania,1975,
428,Mauritania,1976,
428,Mauritania,1977,
428,Mauritania,1978,
442,Mauritania,2010,1
442,Mauritania,2011,1
256,"Mauritania, Morocco",1957,
256,"Mauritania, Morocco",1958,
257,"Mauritania, Morocco",1957,
257,"Mauritania, Morocco",1958,
400,Mexico,1994,
400,Mexico,1996,1
394,Moldova,1992,
244,Morocco,1953,
244,Morocco,1954,
244,Morocco,1955,
244,Morocco,1956,
311,Morocco,1971,
331,Morocco,1975,
331,Morocco,1976,
331,Morocco,1977,
331,Morocco,1978,
331,Morocco,1979,
331,Morocco,1980,
331,Morocco,1981,
331,Morocco,1982,
331,Morocco,1983,
331,Morocco,1984,
331,Morocco,1985,
331,Morocco,1986,
331,Morocco,1987,
331,Morocco,1988,
331,Morocco,1989,
285,Mozambique,1964,
285,Mozambique,1965,
285,Mozambique,1966,
285,Mozambique,1967,
285,Mozambique,1968,
285,Mozambique,1969,
285,Mozambique,1970,
285,Mozambique,1971,
285,Mozambique,1972,
285,Mozambique,1973,
285,Mozambique,1974,
332,Mozambique,1977,
332,Mozambique,1978,
332,Mozambique,1979,
332,Mozambique,1980,
332,Mozambique,1981,
332,Mozambique,1982,
332,Mozambique,1983,
332,Mozambique,1984,
332,Mozambique,1985,
332,Mozambique,1986,
332,Mozambique,1987,
332,Mozambique,1988,
332,Mozambique,1989,
332,Mozambique,1990,
332,Mozambique,1991,
332,Mozambique,1992,
332,Mozambique,2013,1
332,Mozambique,2016,
332,Mozambique,2018,
11475,Myanmar (Burma),1991,
11475,Myanmar (Burma),1995,1
11475,Myanmar (Burma),2000,1
11475,Myanmar (Burma),2001,1
11475,Myanmar (Burma),2005,1
11475,Myanmar (Burma),2006,1
11475,Myanmar (Burma),2007,1
221,Myanmar (Burma),1949,
221,Myanmar (Burma),1950,
221,Myanmar (Burma),1951,
221,Myanmar (Burma),1952,
221,Myanmar (Burma),1953,
221,Myanmar (Burma),1954,
221,Myanmar (Burma),1955,
221,Myanmar (Burma),1956,
221,Myanmar (Burma),1957,
221,Myanmar (Burma),1958,
221,Myanmar (Burma),1959,
221,Myanmar (Burma),1960,
221,Myanmar (Burma),1961,
221,Myanmar (Burma),1962,
221,Myanmar (Burma),1963,
221,Myanmar (Burma),1964,
221,Myanmar (Burma),1965,
221,Myanmar (Burma),1966,
221,Myanmar (Burma),1967,
221,Myanmar (Burma),1968,
221,Myanmar (Burma),1969,
221,Myanmar (Burma),1970,
221,Myanmar (Burma),1971,
221,Myanmar (Burma),1972,
221,Myanmar (Burma),1973,
221,Myanmar (Burma),1974,
221,Myanmar (Burma),1975,
221,Myanmar (Burma),1976,
221,Myanmar (Burma),1977,
221,Myanmar (Burma),1978,
221,Myanmar (Burma),1979,
221,Myanmar (Burma),1980,
221,Myanmar (Burma),1981,
221,Myanmar (Burma),1982,
221,Myanmar (Burma),1983,
221,Myanmar (Burma),1984,
221,Myanmar (Burma),1985,
221,Myanmar (Burma),1986,
221,Myanmar (Burma),1987,
221,Myanmar (Burma),1988,
221,Myanmar (Burma),1989,
221,Myanmar (Burma),1990,
221,Myanmar (Burma),1991,
221,Myanmar (Burma),1992,
221,Myanmar (Burma),1994,
221,Myanmar (Burma),1995,1
221,Myanmar (Burma),1997,1
221,Myanmar (Burma),1998,1
221,Myanmar (Burma),2000,1
221,Myanmar (Burma),2001,1
221,Myanmar (Burma),2002,1
221,Myanmar (Burma),2003,1
221,Myanmar (Burma),2004,1
221,Myanmar (Burma),2005,1
221,Myanmar (Burma),2006,1
221,Myanmar (Burma),2007,1
221,Myanmar (Burma),2008,1
221,Myanmar (Burma),2009,1
221,Myanmar (Burma),2010,1
221,Myanmar (Burma),2011,1
221,Myanmar (Burma),2013,1
222,Myanmar (Burma),1948,
222,Myanmar (Burma),1949,
222,Myanmar (Burma),1950,
222,Myanmar (Burma),1951,
222,Myanmar (Burma),1952,
222,Myanmar (Burma),1953,
222,Myanmar (Burma),1954,
222,Myanmar (Burma),1955,
222,Myanmar (Burma),1956,
222,Myanmar (Burma),1957,
222,Myanmar (Burma),1958,
222,Myanmar (Burma),1959,
222,Myanmar (Burma),1960,
222,Myanmar (Burma),1961,
222,Myanmar (Burma),1962,
222,Myanmar (Burma),1963,
222,Myanmar (Burma),1964,
222,Myanmar (Burma),1965,
222,Myanmar (Burma),1966,
222,Myanmar (Burma),1967,
222,Myanmar (Burma),1968,
222,Myanmar (Burma),1969,
222,Myanmar (Burma),1970,
222,Myanmar (Burma),1971,
222,Myanmar (Burma),1972,
222,Myanmar (Burma),1973,
222,Myanmar (Burma),1974,
222,Myanmar (Burma),1975,
222,Myanmar (Burma),1976,
222,Myanmar (Burma),1977,
222,Myanmar (Burma),1978,
222,Myanmar (Burma),1979,
222,Myanmar (Burma),1980,
222,Myanmar (Burma),1981,
222,Myanmar (Burma),1982,
222,Myanmar (Burma),1983,
222,Myanmar (Burma),1984,
222,Myanmar (Burma),1985,
222,Myanmar (Burma),1986,
222,Myanmar (Burma),1987,
222,Myanmar (Burma),1988,
222,Myanmar (Burma),1990,
222,Myanmar (Burma),1991,
222,Myanmar (Burma),1992,
222,Myanmar (Burma),1994,
222,Myanmar (Burma),2013,1
222,Myanmar (Burma),2014,1
222,Myanmar (Burma),2015,
222,Myanmar (Burma),2017,
222,Myanmar (Burma),2018,
223,Myanmar (Burma),1948,
223,Myanmar (Burma),1949,
223,Myanmar (Burma),1950,
223,Myanmar (Burma),1951,
223,Myanmar (Burma),1952,
223,Myanmar (Burma),1953,
223,Myanmar (Burma),1954,
223,Myanmar (Burma),1955,
223,Myanmar (Burma),1956,
223,Myanmar (Burma),1957,
223,Myanmar (Burma),1958,
223,Myanmar (Burma),1959,
223,Myanmar (Burma),1960,
223,Myanmar (Burma),1961,
223,Myanmar (Burma),1964,
223,Myanmar (Burma),1965,
223,Myanmar (Burma),1966,
223,Myanmar (Burma),1967,
223,Myanmar (Burma),1968,
223,Myanmar (Burma),1969,
223,Myanmar (Burma),1970,
223,Myanmar (Burma),1971,
223,Myanmar (Burma),1972,
223,Myanmar (Burma),1973,
223,Myanmar (Burma),1974,
223,Myanmar (Burma),1975,
223,Myanmar (Burma),1976,
223,Myanmar (Burma),1977,
223,Myanmar (Burma),1978,
223,Myanmar (Burma),1991,
223,Myanmar (Burma),1994,
223,Myanmar (Burma),2016,
223,Myanmar (Burma),2017,
223,Myanmar (Burma),2018,
224,Myanmar (Burma),1949,
224,Myanmar (Burma),1950,
224,Myanmar (Burma),1951,
224,Myanmar (Burma),1952,
224,Myanmar (Burma),1953,
224,Myanmar (Burma),1954,
224,Myanmar (Burma),1955,
224,Myanmar (Burma),1956,
224,Myanmar (Burma),1957,
224,Myanmar (Burma),1958,
224,Myanmar (Burma),1959,
224,Myanmar (Burma),1960,
224,Myanmar (Burma),1961,
224,Myanmar (Burma),1962,
224,Myanmar (Burma),1963,
224,Myanmar (Burma),1990,
224,Myanmar (Burma),1996,1
231,Myanmar (Burma),1949,
231,Myanmar (Burma),1950,
231,Myanmar (Burma),1961,
231,Myanmar (Burma),1962,
231,Myanmar (Burma),1963,
231,Myanmar (Burma),1964,
231,Myanmar (Burma),1965,
231,Myanmar (Burma),1966,
231,Myanmar (Burma),1967,
231,Myanmar (Burma),1968,
231,Myanmar (Burma),1969,
231,Myanmar (Burma),1970,
231,Myanmar (Burma),1971,
231,Myanmar (Burma),1972,
231,Myanmar (Burma),1973,
231,Myanmar (Burma),1974,
231,Myanmar (Burma),1975,
231,Myanmar (Burma),1976,
231,Myanmar (Burma),1977,
231,Myanmar (Burma),1978,
231,Myanmar (Burma),1979,
231,Myanmar (Burma),1980,
231,Myanmar (Burma),1981,
231,Myanmar (Burma),1982,
231,Myanmar (Burma),1983,
231,Myanmar (Burma),1984,
231,Myanmar (Burma),1985,
231,Myanmar (Burma),1986,
231,Myanmar (Burma),1987,
231,Myanmar (Burma),1988,
231,Myanmar (Burma),1989,
231,Myanmar (Burma),1990,
231,Myanmar (Burma),1991,
231,Myanmar (Burma),1992,
231,Myanmar (Burma),2011,1
231,Myanmar (Burma),2012,1
231,Myanmar (Burma),2013,1
231,Myanmar (Burma),2014,1
231,Myanmar (Burma),2015,
231,Myanmar (Burma),2016,
231,Myanmar (Burma),2017,
231,Myanmar (Burma),2018,
253,Myanmar (Burma),1957,
253,Myanmar (Burma),1987,
253,Myanmar (Burma),1992,
253,Myanmar (Burma),1996,1
253,Myanmar (Burma),2005,1
264,Myanmar (Burma),1959,
264,Myanmar (Burma),1960,
264,Myanmar (Burma),1961,
264,Myanmar (Burma),1962,
264,Myanmar (Burma),1963,
264,Myanmar (Burma),1964,
264,Myanmar (Burma),1965,
264,Myanmar (Burma),1966,
264,Myanmar (Burma),1967,
264,Myanmar (Burma),1968,
264,Myanmar (Burma),1969,
264,Myanmar (Burma),1970,
264,Myanmar (Burma),1972,
264,Myanmar (Burma),1973,
264,Myanmar (Burma),1976,
264,Myanmar (Burma),1977,
264,Myanmar (Burma),1978,
264,Myanmar (Burma),1979,
264,Myanmar (Burma),1980,
264,Myanmar (Burma),1981,
264,Myanmar (Burma),1982,
264,Myanmar (Burma),1983,
264,Myanmar (Burma),1984,
264,Myanmar (Burma),1985,
264,Myanmar (Burma),1986,
264,Myanmar (Burma),1987,
264,Myanmar (Burma),1988,
264,Myanmar (Burma),1993,
264,Myanmar (Burma),1994,
264,Myanmar (Burma),1995,1
264,Myanmar (Burma),1996,1
264,Myanmar (Burma),1997,1
264,Myanmar (Burma),1998,1
264,Myanmar (Burma),1999,1
264,Myanmar (Burma),2000,1
264,Myanmar (Burma),2001,1
264,Myanmar (Burma),2002,1
264,Myanmar (Burma),2005,1
264,Myanmar (Burma),2006,1
264,Myanmar (Burma),2007,1
264,Myanmar (Burma),2008,1
264,Myanmar (Burma),2009,1
264,Myanmar (Burma),2010,1
264,Myanmar (Burma),2011,1
264,Myanmar (Burma),2013,1
264,Myanmar (Burma),2015,
422,Myanmar (Burma),1997,1
439,Myanmar (Burma),2009,1
439,Myanmar (Burma),2014,1
439,Myanmar (Burma),2015,
439,Myanmar (Burma),2017,
440,Myanmar (Burma),1973,
440,Myanmar (Burma),1974,
440,Myanmar (Burma),1975,
440,Myanmar (Burma),1976,
440,Myanmar (Burma),1977,
440,Myanmar (Burma),1978,
440,Myanmar (Burma),1979,
440,Myanmar (Burma),1980,
440,Myanmar (Burma),1981,
440,Myanmar (Burma),1982,
269,Nepal,1960,
269,Nepal,1961,
269,Nepal,1962,
269,Nepal,1996,1
269,Nepal,1997,1
269,Nepal,1998,1
269,Nepal,1999,1
269,Nepal,2000,1
269,Nepal,2001,1
269,Nepal,2002,1
269,Nepal,2003,1
269,Nepal,2004,1
269,Nepal,2005,1
269,Nepal,2006,1
336,Nicaragua,1977,
336,Nicaragua,1978,
336,Nicaragua,1979,
336,Nicaragua,1982,
336,Nicaragua,1983,
336,Nicaragua,1984,
336,Nicaragua,1985,
336,Nicaragua,1986,
336,Nicaragua,1987,
336,Nicaragua,1988,
336,Nicaragua,1989,
336,Nicaragua,1990,
13639,Niger,2015,
13639,Niger,2016,
13639,Niger,2017,
13639,Niger,2018,
373,Niger,1994,
406,Niger,1995,1
430,Niger,1991,
430,Niger,1992,
430,Niger,1997,1
430,Niger,2007,1
430,Niger,2008,1
13641,Nigeria,2015,
13641,Nigeria,2016,
13641,Nigeria,2017,
13641,Nigeria,2018,
297,Nigeria,1966,
297,Nigeria,2009,1
297,Nigeria,2011,1
297,Nigeria,2012,1
297,Nigeria,2013,1
297,Nigeria,2014,1
297,Nigeria,2015,
297,Nigeria,2016,
297,Nigeria,2017,
297,Nigeria,2018,
303,Nigeria,1967,
303,Nigeria,1968,
303,Nigeria,1969,
303,Nigeria,1970,
424,Nigeria,2004,1
425,Nigeria,2004,1
235,"North Korea, South Korea",1949,
235,"North Korea, South Korea",1950,
235,"North Korea, South Korea",1951,
235,"North Korea, South Korea",1952,
235,"North Korea, South Korea",1953,
258,Oman,1957,
317,Oman,1969,
317,Oman,1970,
317,Oman,1971,
317,Oman,1972,
317,Oman,1973,
317,Oman,1974,
317,Oman,1975,
13936,Pakistan,2016,
13936,Pakistan,2017,
13936,Pakistan,2018,
312,Pakistan,1971,
325,Pakistan,1974,
325,Pakistan,1975,
325,Pakistan,1976,
325,Pakistan,1977,
325,Pakistan,2004,1
325,Pakistan,2006,1
325,Pakistan,2007,1
325,Pakistan,2008,1
325,Pakistan,2009,1
325,Pakistan,2011,1
325,Pakistan,2012,1
325,Pakistan,2013,1
325,Pakistan,2014,1
325,Pakistan,2015,
325,Pakistan,2016,
404,Pakistan,1990,
404,Pakistan,1994,
404,Pakistan,1995,1
404,Pakistan,1996,1
404,Pakistan,2007,1
404,Pakistan,2008,1
404,Pakistan,2009,1
404,Pakistan,2010,1
404,Pakistan,2011,1
404,Pakistan,2012,1
404,Pakistan,2013,1
404,Pakistan,2014,1
404,Pakistan,2015,
404,Pakistan,2016,
404,Pakistan,2017,
404,Pakistan,2018,
367,Panama,1989,
368,"Panama, United States of America",1989,
369,Papua New Guinea,1990,
369,Papua New Guinea,1992,
369,Papua New Guinea,1993,
369,Papua New Guinea,1994,
369,Papua New Guinea,1995,1
369,Papua New Guinea,1996,1
220,Paraguay,1947,
220,Paraguay,1954,
220,Paraguay,1989,
292,Peru,1965,
292,Peru,1982,
292,Peru,1983,
292,Peru,1984,
292,Peru,1985,
292,Peru,1986,
292,Peru,1987,
292,Peru,1988,
292,Peru,1989,
292,Peru,1990,
292,Peru,1991,
292,Peru,1992,
292,Peru,1993,
292,Peru,1994,
292,Peru,1995,1
292,Peru,1996,1
292,Peru,1997,1
292,Peru,1998,1
292,Peru,1999,1
292,Peru,2007,1
292,Peru,2008,1
292,Peru,2009,1
292,Peru,2010,1
14275,Philippines,2016,
14275,Philippines,2017,
14275,Philippines,2018,
209,Philippines,1946,
209,Philippines,1947,
209,Philippines,1948,
209,Philippines,1949,
209,Philippines,1950,
209,Philippines,1951,
209,Philippines,1952,
209,Philippines,1953,
209,Philippines,1954,
209,Philippines,1969,
209,Philippines,1970,
209,Philippines,1971,
209,Philippines,1972,
209,Philippines,1973,
209,Philippines,1974,
209,Philippines,1975,
209,Philippines,1976,
209,Philippines,1977,
209,Philippines,1978,
209,Philippines,1979,
209,Philippines,1980,
209,Philippines,1981,
209,Philippines,1982,
209,Philippines,1983,
209,Philippines,1984,
209,Philippines,1985,
209,Philippines,1986,
209,Philippines,1987,
209,Philippines,1988,
209,Philippines,1989,
209,Philippines,1990,
209,Philippines,1991,
209,Philippines,1992,
209,Philippines,1993,
209,Philippines,1994,
209,Philippines,1995,1
209,Philippines,1997,1
209,Philippines,1999,1
209,Philippines,2000,1
209,Philippines,2001,1
209,Philippines,2002,1
209,Philippines,2003,1
209,Philippines,2004,1
209,Philippines,2005,1
209,Philippines,2006,1
209,Philippines,2007,1
209,Philippines,2008,1
209,Philippines,2009,1
209,Philippines,2010,1
209,Philippines,2011,1
209,Philippines,2012,1
209,Philippines,2013,1
209,Philippines,2014,1
209,Philippines,2015,
209,Philippines,2016,
209,Philippines,2017,
209,Philippines,2018,
308,Philippines,1970,
308,Philippines,1971,
308,Philippines,1972,
308,Philippines,1973,
308,Philippines,1974,
308,Philippines,1975,
308,Philippines,1976,
308,Philippines,1977,
308,Philippines,1978,
308,Philippines,1979,
308,Philippines,1980,
308,Philippines,1981,
308,Philippines,1982,
308,Philippines,1983,
308,Philippines,1984,
308,Philippines,1985,
308,Philippines,1986,
308,Philippines,1987,
308,Philippines,1988,
308,Philippines,1989,
308,Philippines,1990,
308,Philippines,1993,
308,Philippines,1994,
308,Philippines,1995,1
308,Philippines,1996,1
308,Philippines,1997,1
308,Philippines,1998,1
308,Philippines,1999,1
308,Philippines,2000,1
308,Philippines,2001,1
308,Philippines,2002,1
308,Philippines,2003,1
308,Philippines,2004,1
308,Philippines,2005,1
308,Philippines,2006,1
308,Philippines,2007,1
308,Philippines,2008,1
308,Philippines,2009,1
308,Philippines,2010,1
308,Philippines,2011,1
308,Philippines,2012,1
308,Philippines,2013,1
308,Philippines,2014,1
308,Philippines,2015,
308,Philippines,2016,
308,Philippines,2017,
308,Philippines,2018,
370,Rumania,1989,
13588,Russia (Soviet Union),2015,
13588,Russia (Soviet Union),2016,
13588,Russia (Soviet Union),2017,
13588,Russia (Soviet Union),2018,
210,Russia (Soviet Union),1946,
210,Russia (Soviet Union),1947,
210,Russia (Soviet Union),1948,
211,Russia (Soviet Union),1946,
212,Russia (Soviet Union),1946,
212,Russia (Soviet Union),1947,
212,Russia (Soviet Union),1948,
213,Russia (Soviet Union),1946,
213,Russia (Soviet Union),1947,
213,Russia (Soviet Union),1948,
213,Russia (Soviet Union),1949,
213,Russia (Soviet Union),1950,
376,Russia (Soviet Union),1990,
376,Russia (Soviet Union),1991,
377,Russia (Soviet Union),1990,
399,Russia (Soviet Union),1993,
401,Russia (Soviet Union),1994,
401,Russia (Soviet Union),1995,1
401,Russia (Soviet Union),1996,1
401,Russia (Soviet Union),1999,1
401,Russia (Soviet Union),2000,1
401,Russia (Soviet Union),2001,1
401,Russia (Soviet Union),2002,1
401,Russia (Soviet Union),2003,1
401,Russia (Soviet Union),2004,1
401,Russia (Soviet Union),2005,1
401,Russia (Soviet Union),2006,1
401,Russia (Soviet Union),2007,1
414,Russia (Soviet Union),1999,1
432,Russia (Soviet Union),2007,1
432,Russia (Soviet Union),2008,1
432,Russia (Soviet Union),2009,1
432,Russia (Soviet Union),2010,1
432,Russia (Soviet Union),2011,1
432,Russia (Soviet Union),2012,1
432,Russia (Soviet Union),2013,1
432,Russia (Soviet Union),2014,1
432,Russia (Soviet Union),2015,
374,Rwanda,1990,
374,Rwanda,1991,
374,Rwanda,1992,
374,Rwanda,1993,
374,Rwanda,1994,
374,Rwanda,1996,1
374,Rwanda,1997,1
374,Rwanda,1998,1
374,Rwanda,1999,1
374,Rwanda,2000,1
374,Rwanda,2001,1
374,Rwanda,2002,1
374,Rwanda,2009,1
374,Rwanda,2010,1
374,Rwanda,2011,1
374,Rwanda,2012,1
374,Rwanda,2016,
374,Rwanda,2018,
340,Saudi Arabia,1979,
375,Senegal,1990,
375,Senegal,1992,
375,Senegal,1993,
375,Senegal,1995,1
375,Senegal,1997,1
375,Senegal,1998,1
375,Senegal,2000,1
375,Senegal,2001,1
375,Senegal,2003,1
375,Senegal,2011,1
384,Serbia (Yugoslavia),1991,
385,Serbia (Yugoslavia),1991,
385,Serbia (Yugoslavia),1992,
412,Serbia (Yugoslavia),1998,1
412,Serbia (Yugoslavia),1999,1
382,Sierra Leone,1991,
382,Sierra Leone,1992,
382,Sierra Leone,1993,
382,Sierra Leone,1994,
382,Sierra Leone,1995,1
382,Sierra Leone,1996,1
382,Sierra Leone,1997,1
382,Sierra Leone,1998,1
382,Sierra Leone,1999,1
382,Sierra Leone,2000,1
382,Sierra Leone,2001,1
14074,Somalia,2018,
337,Somalia,1982,
337,Somalia,1983,
337,Somalia,1984,
337,Somalia,1986,
337,Somalia,1987,
337,Somalia,1988,
337,Somalia,1989,
337,Somalia,1990,
337,Somalia,1991,
337,Somalia,1992,
337,Somalia,1993,
337,Somalia,1994,
337,Somalia,1995,1
337,Somalia,1996,1
337,Somalia,2001,1
337,Somalia,2002,1
337,Somalia,2006,1
337,Somalia,2007,1
337,Somalia,2008,1
337,Somalia,2009,1
337,Somalia,2010,1
337,Somalia,2011,1
337,Somalia,2012,1
337,Somalia,2013,1
337,Somalia,2014,1
337,Somalia,2015,
337,Somalia,2016,
337,Somalia,2017,
337,Somalia,2018,
298,South Africa,1966,
298,South Africa,1967,
298,South Africa,1968,
298,South Africa,1969,
298,South Africa,1970,
298,South Africa,1971,
298,South Africa,1972,
298,South Africa,1973,
298,South Africa,1974,
298,South Africa,1975,
298,South Africa,1976,
298,South Africa,1977,
298,South Africa,1978,
298,South Africa,1979,
298,South Africa,1980,
298,South Africa,1981,
298,South Africa,1982,
298,South Africa,1983,
298,South Africa,1984,
298,South Africa,1985,
298,South Africa,1986,
298,South Africa,1987,
298,South Africa,1988,
345,South Africa,1981,
345,South Africa,1982,
345,South Africa,1983,
345,South Africa,1985,
345,South Africa,1986,
345,South Africa,1987,
345,South Africa,1988,
11345,South Sudan,2011,1
11345,South Sudan,2012,1
11345,South Sudan,2013,1
11345,South Sudan,2014,1
11345,South Sudan,2015,
11345,South Sudan,2016,
11345,South Sudan,2017,
11345,South Sudan,2018,
11348,"South Sudan, Sudan",2012,1
249,South Vietnam,1955,
249,South Vietnam,1956,
249,South Vietnam,1957,
249,South Vietnam,1958,
249,South Vietnam,1959,
249,South Vietnam,1960,
249,South Vietnam,1961,
249,South Vietnam,1962,
249,South Vietnam,1963,
249,South Vietnam,1964,
293,"South Vietnam, Vietnam (North Vietnam)",1965,
293,"South Vietnam, Vietnam (North Vietnam)",1966,
293,"South Vietnam, Vietnam (North Vietnam)",1967,
293,"South Vietnam, Vietnam (North Vietnam)",1968,
293,"South Vietnam, Vietnam (North Vietnam)",1969,
293,"South Vietnam, Vietnam (North Vietnam)",1970,
293,"South Vietnam, Vietnam (North Vietnam)",1971,
293,"South Vietnam, Vietnam (North Vietnam)",1972,
293,"South Vietnam, Vietnam (North Vietnam)",1973,
293,"South Vietnam, Vietnam (North Vietnam)",1974,
293,"South Vietnam, Vietnam (North Vietnam)",1975,
286,South Yemen,1964,
286,South Yemen,1965,
286,South Yemen,1966,
286,South Yemen,1967,
359,South Yemen,1986,
320,"South Yemen, Yemen (North Yemen)",1972,
320,"South Yemen, Yemen (North Yemen)",1979,
342,Spain,1978,
342,Spain,1979,
342,Spain,1980,
342,Spain,1981,
342,Spain,1982,
342,Spain,1985,
342,Spain,1986,
342,Spain,1987,
342,Spain,1991,
313,Sri Lanka,1971,
313,Sri Lanka,1989,
313,Sri Lanka,1990,
352,Sri Lanka,1984,
352,Sri Lanka,1985,
352,Sri Lanka,1986,
352,Sri Lanka,1987,
352,Sri Lanka,1988,
352,Sri Lanka,1989,
352,Sri Lanka,1990,
352,Sri Lanka,1991,
352,Sri Lanka,1992,
352,Sri Lanka,1993,
352,Sri Lanka,1994,
352,Sri Lanka,1995,1
352,Sri Lanka,1996,1
352,Sri Lanka,1997,1
352,Sri Lanka,1998,1
352,Sri Lanka,1999,1
352,Sri Lanka,2000,1
352,Sri Lanka,2001,1
352,Sri Lanka,2003,1
352,Sri Lanka,2005,1
352,Sri Lanka,2006,1
352,Sri Lanka,2007,1
352,Sri Lanka,2008,1
352,Sri Lanka,2009,1
11344,Sudan,2011,1
282,Sudan,1963,
282,Sudan,1964,
282,Sudan,1965,
282,Sudan,1966,
282,Sudan,1967,
282,Sudan,1968,
282,Sudan,1969,
282,Sudan,1970,
282,Sudan,1971,
282,Sudan,1972,
309,Sudan,1971,
309,Sudan,1976,
309,Sudan,1983,
309,Sudan,1984,
309,Sudan,1985,
309,Sudan,1986,
309,Sudan,1987,
309,Sudan,1988,
309,Sudan,1989,
309,Sudan,1990,
309,Sudan,1991,
309,Sudan,1992,
309,Sudan,1993,
309,Sudan,1994,
309,Sudan,1995,1
309,Sudan,1996,1
309,Sudan,1997,1
309,Sudan,1998,1
309,Sudan,1999,1
309,Sudan,2000,1
309,Sudan,2001,1
309,Sudan,2002,1
309,Sudan,2003,1
309,Sudan,2004,1
309,Sudan,2005,1
309,Sudan,2006,1
309,Sudan,2007,1
309,Sudan,2008,1
309,Sudan,2009,1
309,Sudan,2010,1
309,Sudan,2011,1
309,Sudan,2012,1
309,Sudan,2013,1
309,Sudan,2014,1
309,Sudan,2015,
309,Sudan,2016,
309,Sudan,2017,
309,Sudan,2018,
357,Suriname,1987,
13042,Syria,2012,1
13042,Syria,2013,1
13042,Syria,2015,
13604,Syria,2013,1
13604,Syria,2014,1
13604,Syria,2015,
13604,Syria,2016,
13604,Syria,2017,
13604,Syria,2018,
13809,Syria,2016,
13809,Syria,2018,
299,Syria,1966,
299,Syria,1979,
299,Syria,1980,
299,Syria,1981,
299,Syria,1982,
299,Syria,2011,1
299,Syria,2012,1
299,Syria,2013,1
299,Syria,2014,1
299,Syria,2015,
299,Syria,2016,
299,Syria,2017,
299,Syria,2018,
395,Tajikistan,1992,
395,Tajikistan,1993,
395,Tajikistan,1994,
395,Tajikistan,1995,1
395,Tajikistan,1996,1
395,Tajikistan,1997,1
395,Tajikistan,1998,1
395,Tajikistan,2000,1
395,Tajikistan,2010,1
395,Tajikistan,2011,1
427,"Tanzania, Uganda",1978,
240,Thailand,1951,
240,Thailand,1974,
240,Thailand,1975,
240,Thailand,1976,
240,Thailand,1977,
240,Thailand,1978,
240,Thailand,1979,
240,Thailand,1980,
240,Thailand,1981,
240,Thailand,1982,
423,Thailand,2003,1
423,Thailand,2004,1
423,Thailand,2005,1
423,Thailand,2006,1
423,Thailand,2007,1
423,Thailand,2008,1
423,Thailand,2009,1
423,Thailand,2010,1
423,Thailand,2011,1
423,Thailand,2012,1
423,Thailand,2013,1
423,Thailand,2014,1
423,Thailand,2015,
423,Thailand,2016,
423,Thailand,2017,
423,Thailand,2018,
358,Togo,1986,
378,Trinidad and Tobago,1990,
14333,Tunisia,2016,
245,Tunisia,1953,
245,Tunisia,1954,
245,Tunisia,1955,
245,Tunisia,1956,
343,Tunisia,1980,
13902,Turkey,2015,
13902,Turkey,2016,
13902,Turkey,2017,
354,Turkey,1984,
354,Turkey,1985,
354,Turkey,1986,
354,Turkey,1987,
354,Turkey,1988,
354,Turkey,1989,
354,Turkey,1990,
354,Turkey,1991,
354,Turkey,1992,
354,Turkey,1993,
354,Turkey,1994,
354,Turkey,1995,1
354,Turkey,1996,1
354,Turkey,1997,1
354,Turkey,1998,1
354,Turkey,1999,1
354,Turkey,2000,1
354,Turkey,2001,1
354,Turkey,2002,1
354,Turkey,2003,1
354,Turkey,2004,1
354,Turkey,2005,1
354,Turkey,2006,1
354,Turkey,2007,1
354,Turkey,2008,1
354,Turkey,2009,1
354,Turkey,2010,1
354,Turkey,2011,1
354,Turkey,2012,1
354,Turkey,2013,1
354,Turkey,2015,
354,Turkey,2016,
354,Turkey,2017,
354,Turkey,2018,
383,Turkey,1991,
383,Turkey,1992,
383,Turkey,1995,1
383,Turkey,2005,1
383,Turkey,2016,
314,Uganda,1971,
314,Uganda,1972,
314,Uganda,1974,
314,Uganda,1979,
314,Uganda,1980,
314,Uganda,1981,
314,Uganda,1982,
314,Uganda,1983,
314,Uganda,1984,
314,Uganda,1985,
314,Uganda,1986,
314,Uganda,1987,
314,Uganda,1988,
314,Uganda,1989,
314,Uganda,1990,
314,Uganda,1991,
314,Uganda,1992,
314,Uganda,1994,
314,Uganda,1995,1
314,Uganda,1996,1
314,Uganda,1997,1
314,Uganda,1998,1
314,Uganda,1999,1
314,Uganda,2000,1
314,Uganda,2001,1
314,Uganda,2002,1
314,Uganda,2003,1
314,Uganda,2004,1
314,Uganda,2005,1
314,Uganda,2006,1
314,Uganda,2007,1
314,Uganda,2008,1
314,Uganda,2009,1
314,Uganda,2010,1
314,Uganda,2011,1
314,Uganda,2013,1
314,Uganda,2014,1
314,Uganda,2015,
314,Uganda,2016,
314,Uganda,2017,
314,Uganda,2018,
13219,Ukraine,2014,1
13246,Ukraine,2014,1
13247,Ukraine,2014,1
13306,Ukraine,2014,1
13306,Ukraine,2015,
13306,Ukraine,2016,
13306,Ukraine,2017,
13306,Ukraine,2018,
315,United Kingdom,1971,
315,United Kingdom,1972,
315,United Kingdom,1973,
315,United Kingdom,1974,
315,United Kingdom,1975,
315,United Kingdom,1976,
315,United Kingdom,1977,
315,United Kingdom,1978,
315,United Kingdom,1979,
315,United Kingdom,1980,
315,United Kingdom,1981,
315,United Kingdom,1982,
315,United Kingdom,1983,
315,United Kingdom,1984,
315,United Kingdom,1985,
315,United Kingdom,1986,
315,United Kingdom,1987,
315,United Kingdom,1988,
315,United Kingdom,1989,
315,United Kingdom,1990,
315,United Kingdom,1991,
315,United Kingdom,1998,1
238,United States of America,1950,
418,United States of America,2001,1
418,United States of America,2002,1
418,United States of America,2003,1
418,United States of America,2004,1
418,United States of America,2005,1
418,United States of America,2006,1
418,United States of America,2007,1
418,United States of America,2008,1
418,United States of America,2009,1
418,United States of America,2010,1
418,United States of America,2011,1
418,United States of America,2012,1
418,United States of America,2013,1
418,United States of America,2014,1
418,United States of America,2015,
418,United States of America,2016,
418,United States of America,2017,
319,Uruguay,1972,
415,Uzbekistan,1999,1
415,Uzbekistan,2000,1
415,Uzbekistan,2004,1
277,Venezuela,1962,
277,Venezuela,1982,
277,Venezuela,1992,
216,Vietnam (North Vietnam),1946,
216,Vietnam (North Vietnam),1947,
216,Vietnam (North Vietnam),1948,
216,Vietnam (North Vietnam),1949,
216,Vietnam (North Vietnam),1950,
216,Vietnam (North Vietnam),1951,
216,Vietnam (North Vietnam),1952,
216,Vietnam (North Vietnam),1953,
216,Vietnam (North Vietnam),1954,
13645,Yemen (North Yemen),2015,
230,Yemen (North Yemen),1948,
230,Yemen (North Yemen),1962,
230,Yemen (North Yemen),1963,
230,Yemen (North Yemen),1964,
230,Yemen (North Yemen),1965,
230,Yemen (North Yemen),1966,
230,Yemen (North Yemen),1967,
230,Yemen (North Yemen),1968,
230,Yemen (North Yemen),1969,
230,Yemen (North Yemen),1970,
230,Yemen (North Yemen),1979,
230,Yemen (North Yemen),1980,
230,Yemen (North Yemen),1981,
230,Yemen (North Yemen),1982,
230,Yemen (North Yemen),2009,1
230,Yemen (North Yemen),2010,1
230,Yemen (North Yemen),2011,1
230,Yemen (North Yemen),2012,1
230,Yemen (North Yemen),2013,1
230,Yemen (North Yemen),2014,1
230,Yemen (North Yemen),2015,
230,Yemen (North Yemen),2016,
230,Yemen (North Yemen),2017,
230,Yemen (North Yemen),2018,
402,Yemen (North Yemen),1994,
318,Zimbabwe (Rhodesia),1967,
318,Zimbabwe (Rhodesia),1968,
318,Zimbabwe (Rhodesia),1973,
318,Zimbabwe (Rhodesia),1974,
318,Zimbabwe (Rhodesia),1975,
318,Zimbabwe (Rhodesia),1976,
318,Zimbabwe (Rhodesia),1977,
318,Zimbabwe (Rhodesia),1978,
318,Zimbabwe (Rhodesia),1979,
